SiO2,P2O5,ZrO2,Na2O,Al2O3,Fe2O3,CaO,MgO,K2O,B2O3,MnO,BaO,ZnO,GeO2,Li2O,Ta2O5,SrO,CdO,SnO2,La2O3,Ga2O3,Y2O3,TiO2,Nb2O5,PbO,HfO2,WO3,Sb2O3,Bi2O3,Cr2O3,Cu2O,BeO,CuO,Nd2O3,CeO2,Cs2O,As2O3,Rb2O,Eu2O3,MoO3,FeO,Mn2O3,ThO2,Ag2O,MnO2,TeO2,Tl2O,CoO,In2O3,Sc2O3,NiO,V2O5,As2O5,Sm2O3,Gd2O3,Tb2O3,Dy2O3,Er2O3,Yb2O3,SnO,Ce2O3,Pr2O3,VO6,Pr6O11,Ni2O3,V2O3,Lu2O3,HgO,Tm2O3,Nb2O3,Tl2O3,Ta2O3,Tb4O7,n531.9nm,n632.8nm,nd,pn[fornd],predictedrefractiveindex,ri,summarizedrefractiveindex,Origin,_src,IDS
0.0,23.65,0.0,7.13,0.0,0.0,0.0953,4.73,6.86,0.0,0,5.52,0.0,0.0,0.0,0.0403,0.0,0,0,0.0,0,0.0,8.12,43.86,0,0,0.0,0.0,0.0,0,0,0,0,0,0.0,0.0,0,0,0,0,0,0,0,0,0,0.0,0,0,0,0,0,0.0,0,0,0,0,0,0,0,0,0,0,0,0,0,0,0,0,0,0,0,0,0,0.0,0.0,0.0,2.006,0.0,0.0,2.006,common,,data\patents\patents_google_com_patent_US11485676B2_en\processed\splitted\patents_google_com_patent_US11485676B2_en-table_5-1.csv
0.0,20.97,0.0,1.51,0.0,0.0,3.74,0.0,11.67,0.0,0,5.86,1.4,0.0,1.29,0.0341,0.81,0,0,0.0,0,0.0,14.98,37.74,0,0,0.0,0.0,0.0,0,0,0,0,0,0.0,0.0,0,0,0,0,0,0,0,0,0,0.0,0,0,0,0,0,0.0,0,0,0,0,0,0,0,0,0,0,0,0,0,0,0,0,0,0,0,0,0,0.0,0.0,0.0,2.004,0.0,0.0,2.004,common,,data\patents\patents_google_com_patent_US11485676B2_en\processed\splitted\patents_google_com_patent_US11485676B2_en-table_5-3.csv
0.0,24.48,0.0,0.0231,0.0,0.0,15.5,0.0,7.49,0.0,0,0.0,0.0,0.0,0.0,0.0259,0.0,0,0,0.0,0,0.0,25.24,27.24,0,0,0.0,0.0,0.0,0,0,0,0,0,0.0,0.0,0,0,0,0,0,0,0,0,0,0.0,0,0,0,0,0,0.0,0,0,0,0,0,0,0,0,0,0,0,0,0,0,0,0,0,0,0,0,0,0.0,0.0,0.0,1.967,0.0,0.0,1.967,common,,data\patents\patents_google_com_patent_US11485676B2_en\processed\splitted\patents_google_com_patent_US11485676B2_en-table_5-6.csv
0.0,25.0,0.0,3.99,0.0,0.0,5.3,0.0,4.01,0.0,0,5.21,0.0,0.0,3.01,0.0,0.0,0,0,0.0,0,0.0,20.0,32.49,0,0,0.0,0.0,1.0,0,0,0,0,0,0.0,0.0,0,0,0,0,0,0,0,0,0,0.0,0,0,0,0,0,0.0,0,0,0,0,0,0,0,0,0,0,0,0,0,0,0,0,0,0,0,0,0,2.0104,1.9791,1.9905,2.0,0.0,0.0,-1.0,common,,data\patents\patents_google_com_patent_US11485676B2_en\processed\splitted\patents_google_com_patent_US11485676B2_en-table_5-8.csv
0.0,27.32,0.0,5.39,0.0,0.0,13.68,0.0,13.92,0.0,0,0.0,0.0,0.0,0.0,0.0,0.0,0,0,0.0,0,0.0,14.74,24.93,0,0,0.0,0.0145,0.0,0,0,0,0,0,0.0,0.0,0,0,0,0,0,0,0,0,0,0.0,0,0,0,0,0,0.0,0,0,0,0,0,0,0,0,0,0,0,0,0,0,0,0,0,0,0,0,0,2.0648,0.0,1.9694,1.945,0.0,0.0,-1.0,common,,data\patents\patents_google_com_patent_US11485676B2_en\processed\splitted\patents_google_com_patent_US11485676B2_en-table_6-0.csv
0.0,16.24,1.44,0.0,0.0,0.0,1.58,0.0,2.82,0.0,0,18.5,3.27,4.24,2.97,0.0,10.27,0,0,0.0,0,0.0,3.33,21.35,0,0,9.18,0.0,4.19,0,0,0,0,0,0.0,0.63,0,0,0,0,0,0,0,0,0,0.0,0,0,0,0,0,0.0,0,0,0,0,0,0,0,0,0,0,0,0,0,0,0,0,0,0,0,0,0,0.0,0.0,0.0,1.965,0.0,0.0,1.965,common,,data\patents\patents_google_com_patent_US11485676B2_en\processed\splitted\patents_google_com_patent_US11485676B2_en-table_6-0.csv
0.0268,24.84,0.0,4.99,0.0,0.0303,4.14,0.0,5.0,0.0,0,3.99,4.99,0.0,5.02,0.0109,0.0,0,0,0.0,0,0.0,11.24,35.73,0,0,0.007,0.0,0.0,0,0,0,0,0,0.0,0.0,0,0,0,0,0,0,0,0,0,0.0,0,0,0,0,0,0.0,0,0,0,0,0,0,0,0,0,0,0,0,0,0,0,0,0,0,0,0,0,1.9638,1.9362,1.9464,1.939,0.0,0.0,-1.0,common,,data\patents\patents_google_com_patent_US11485676B2_en\processed\splitted\patents_google_com_patent_US11485676B2_en-table_6-0.csv
0.0,25.06,0.0,8.17,0.0,0.0,0.0,0.0,8.85,1.93,0,0.0,0.0,0.0,0.0,0.0,3.45,0,0,0.0,0,0.0,23.66,26.93,0,0,1.93,0.0255,0.0,0,0,0,0,0,0.0,0.0,0,0,0,0,0,0,0,0,0,0.0,0,0,0,0,0,0.0,0,0,0,0,0,0,0,0,0,0,0,0,0,0,0,0,0,0,0,0,0,1.9678,1.9395,1.95,1.939,0.0,0.0,-1.0,common,,data\patents\patents_google_com_patent_US11485676B2_en\processed\splitted\patents_google_com_patent_US11485676B2_en-table_6-0.csv
0.0,25.88,0.0,13.0,0.0,0.0,0.0,0.0,2.8,0.0,0,0.0,0.0,0.0,0.0,0.0,2.33,0,0,0.0,0,0.0,31.91,20.59,0,0,3.48,0.0095,0.0,0,0,0,0,0,0.0,0.0,0,0,0,0,0,0,0,0,0,0.0,0,0,0,0,0,0.0,0,0,0,0,0,0,0,0,0,0,0,0,0,0,0,0,0,0,0,0,0,1.9582,1.931,1.9411,1.926,0.0,0.0,-1.0,common,,data\patents\patents_google_com_patent_US11485676B2_en\processed\splitted\patents_google_com_patent_US11485676B2_en-table_6-0.csv
1.19,24.2,0.0,13.85,0.0,0.0,0.0,0.0,3.04,4.11,0,1.87,0.0,0.0,0.0,0.0,2.07,0,0,0.0,0,0.0,23.29,26.38,0,0,0.0,0.0,0.0,0,0,0,0,0,0.0,0.0,0,0,0,0,0,0,0,0,0,0.0,0,0,0,0,0,0.0,0,0,0,0,0,0,0,0,0,0,0,0,0,0,0,0,0,0,0,0,0,1.9582,1.931,1.9411,1.926,0.0,0.0,-1.0,common,,data\patents\patents_google_com_patent_US11485676B2_en\processed\splitted\patents_google_com_patent_US11485676B2_en-table_6-0.csv
1.19,24.17,0.0,13.84,0.0,0.0,0.0,0.0,3.04,4.11,0,1.87,0.0,0.0,0.0,0.0,2.07,0,0,0.0,0,0.0,23.26,26.35,0,0,0.0,0.0983,0.0,0,0,0,0,0,0.0,0.0,0,0,0,0,0,0,0,0,0,0.0,0,0,0,0,0,0.0,0,0,0,0,0,0,0,0,0,0,0,0,0,0,0,0,0,0,0,0,0,1.9385,1.9126,1.9222,1.899,0.0,0.0,-1.0,common,,data\patents\patents_google_com_patent_US11485676B2_en\processed\splitted\patents_google_com_patent_US11485676B2_en-table_6-0.csv
0.0,20.9,0.0,7.37,0.0,0.0,0.0,0.0,6.46,5.47,0,16.37,0.0,0.0,0.0,0.0,1.47,0,0,0.0,0,0.0,16.19,25.75,0,0,0.0,0.0261,0.0,0,0,0,0,0,0.0,0.0,0,0,0,0,0,0,0,0,0,0.0,0,0,0,0,0,0.0,0,0,0,0,0,0,0,0,0,0,0,0,0,0,0,0,0,0,0,0,0,1.9094,1.8872,1.8955,1.882,0.0,0.0,-1.0,common,,data\patents\patents_google_com_patent_US11485676B2_en\processed\splitted\patents_google_com_patent_US11485676B2_en-table_6-1.csv
0.0,24.99,0.0,3.4,0.0,0.0,8.01,0.0,3.3,0.0,0,8.0,0.0,0.0,3.29,0.0188,8.0,0,0,0.0,0,0.0,20.01,21.0,0,0,0.0,0.0,0.0,0,0,0,0,0,0.0,0.0,0,0,0,0,0,0,0,0,0,0.0,0,0,0,0,0,0.0,0,0,0,0,0,0,0,0,0,0,0,0,0,0,0,0,0,0,0,0,0,1.9922,1.9624,1.9734,1.879,0.0,0.0,-1.0,common,,data\patents\patents_google_com_patent_US11485676B2_en\processed\splitted\patents_google_com_patent_US11485676B2_en-table_6-2.csv
0.0,21.8,0.0,3.94,0.0,0.0,0.0,0.0,0.0,5.85,0,5.31,0.0,0.0,8.18,1.84,0.0,0,0,0.0,0,0.0,20.39,30.94,0,0,0.0,0.0056,1.75,0,0,0,0,0,0.0,0.0,0,0,0,0,0,0,0,0,0,0.0,0,0,0,0,0,0.0,0,0,0,0,0,0,0,0,0,0,0,0,0,0,0,0,0,0,0,0,0,2.0348,2.0019,2.014,1.988,0.0,0.0,-1.0,common,,data\patents\patents_google_com_patent_US11485676B2_en\processed\splitted\patents_google_com_patent_US11485676B2_en-table_6-2.csv
49.91,0.0,4.99,9.89,0.04,0.01,5.85,0.1,3.23,0.0,0,7.99,0.0,0.0,0.0,0.0,0.01,0,0,0.0,0,0.0,3.0,14.97,0,0,0.0,0.0,0.0,0,0,0,0,0,0.0,0.0,0,0,0,0,0,0,0,0,0,0.0,0,0,0,0,0,0.0,0,0,0,0,0,0,0,0,0,0,0,0,0,0,0,0,0,0,0,0,0,0.0,0.0,0.0,0.0,0.0,1.791,1.791,common,,data\patents\patents_google_com_patent_US20240025797A1_en\processed\splitted\patents_google_com_patent_US20240025797A1_en-table_5-7.csv
0.0,25.62,0.0,0.0,0.0,0.0,0.0,0.0,8.08,6.56,0,8.93,0.0,0.0,5.09,0.0,7.34,0,0,0.0,0,0.0,11.43,26.96,0,0,0.0,0.0,0.0,0,0,0,0,0,0.0,0.0,0,0,0,0,0,0,0,0,0,0.0,0,0,0,0,0,0.0,0,0,0,0,0,0,0,0,0,0,0,0,0,0,0,0,0,0,0,0,0,0.0,0.0,0.0,1.879,0.0,0.0,1.879,u1,,data\patents\patents_google_com_patent_US11485676B2_en\processed\splitted\patents_google_com_patent_US11485676B2_en-table_6-1.csv
0.0,30.0,0.0,9.97,0.0137,0.0,0.0,0.0,5.01,0.0,0,5.0,0.0,0.0,0.0,0.019,5.0,0,0,0.0,0,0.0,25.0,20.0,0,0,0.0,0.0,0.0,0,0,0,0,0,0.0,0.0,0,0,0,0,0,0,0,0,0,0.0,0,0,0,0,0,0.0,0,0,0,0,0,0,0,0,0,0,0,0,0,0,0,0,0,0,0,0,0,0.0,0.0,0.0,1.951,0.0,0.0,1.951,u1,,data\patents\patents_google_com_patent_US11485676B2_en\processed\splitted\patents_google_com_patent_US11485676B2_en-table_6-1.csv
0.0,24.99,0.0,4.97,0.0,0.0193,5.0,0.0,4.99,0.0,0,4.0,4.0,0.0,5.0,0.0279,0.0,0,0,0.0,0,0.0,14.99,32.0,0,0,0.0,0.0,0.0,0,0,0,0,0,0.0,0.0,0,0,0,0,0,0,0,0,0,0.0,0,0,0,0,0,0.0,0,0,0,0,0,0,0,0,0,0,0,0,0,0,0,0,0,0,0,0,0,0.0,0.0,0.0,1.952,0.0,0.0,1.952,u1,,data\patents\patents_google_com_patent_US11485676B2_en\processed\splitted\patents_google_com_patent_US11485676B2_en-table_6-1.csv
0.0,24.99,0.0,4.99,0.0158,0.0,7.99,0.0,4.99,0.0,0,7.0,0.0,0.0,5.01,0.0328,0.0,0,0,0.0,0,0.0,10.0,34.98,0,0,0.0,0.0,0.0,0,0,0,0,0,0.0,0.0,0,0,0,0,0,0,0,0,0,0.0,0,0,0,0,0,0.0,0,0,0,0,0,0,0,0,0,0,0,0,0,0,0,0,0,0,0,0,0,0.0,0.0,0.0,1.951,0.0,0.0,1.951,u1,,data\patents\patents_google_com_patent_US11485676B2_en\processed\splitted\patents_google_com_patent_US11485676B2_en-table_6-1.csv
0.0,25.01,0.0,4.98,0.0,0.0,4.99,0.0,4.99,0.0,0,5.0,0.0,0.0,4.98,0.0329,5.01,0,0,0.0,0,0.0,10.0,35.02,0,0,0.0,0.0,0.0,0,0,0,0,0,0.0,0.0,0,0,0,0,0,0,0,0,0,0.0,0,0,0,0,0,0.0,0,0,0,0,0,0,0,0,0,0,0,0,0,0,0,0,0,0,0,0,0,0.0,0.0,0.0,1.952,0.0,0.0,1.952,u1,,data\patents\patents_google_com_patent_US11485676B2_en\processed\splitted\patents_google_com_patent_US11485676B2_en-table_6-1.csv
0.0,25.0,0.0,4.99,0.0,0.0309,4.99,0.0,5.0,0.0,0,5.0,6.0,0.0,4.99,0.0028,0.0,0,0,0.0,0,0.0,29.0,15.0,0,0,0.0,0.0,0.0,0,0,0,0,0,0.0,0.0,0,0,0,0,0,0,0,0,0,0.0,0,0,0,0,0,0.0,0,0,0,0,0,0,0,0,0,0,0,0,0,0,0,0,0,0,0,0,0,0.0,0.0,2.02,2.003,0.0,0.0,-1.0,u1,,data\patents\patents_google_com_patent_US11485676B2_en\processed\splitted\patents_google_com_patent_US11485676B2_en-table_6-2.csv
0.0,17.74,0.0,0.0,0.0,0.0,0.0,0.0,6.69,9.05,0,9.59,0.0,0.0,0.0,0.0,0.0,0,0,0.0,0,0.0,7.89,17.38,0,0,18.11,0.036,13.52,0,0,0,0,0,0.0,0.0,0,0,0,0,0,0,0,0,0,0.0,0,0,0,0,0,0.0,0,0,0,0,0,0,0,0,0,0,0,0,0,0,0,0,0,0,0,0,0,0.0,0.0,1.99,1.991,0.0,0.0,-1.0,u1,,data\patents\patents_google_com_patent_US11485676B2_en\processed\splitted\patents_google_com_patent_US11485676B2_en-table_6-2.csv
0.0,20.5,0.0,0.0,0.0,0.0,0.0,0.0,0.0,10.59,0,0.0,8.0,0.0,10.31,0.0,0.0,0,0,0.0,0,0.0,7.69,19.0,0,0,9.2,0.0,14.7,0,0,0,0,0,0.0,0.0,0,0,0,0,0,0,0,0,0,0.0,0,0,0,0,0,0.0,0,0,0,0,0,0,0,0,0,0,0,0,0,0,0,0,0,0,0,0,0,1.9922,1.9624,1.9734,1.977,0.0,0.0,-1.0,u1,,data\patents\patents_google_com_patent_US11485676B2_en\processed\splitted\patents_google_com_patent_US11485676B2_en-table_6-2.csv
0.0,17.76,0.0,0.0,0.0,0.0,0.0,0.0,6.69,9.05,0,9.59,0.0,0.0,0.0,0.0,0.0,0,0,0.0,0,0.0,7.89,17.38,0,0,18.12,0.0,13.52,0,0,0,0,0,0.0,0.0,0,0,0,0,0,0,0,0,0,0.0,0,0,0,0,0,0.0,0,0,0,0,0,0,0,0,0,0,0,0,0,0,0,0,0,0,0,0,0,0.0,0.0,0.0,1.991,0.0,0.0,1.991,u1,,data\patents\patents_google_com_patent_US11485676B2_en\processed\splitted\patents_google_com_patent_US11485676B2_en-table_6-2.csv
49.95,0.0,5.0,0.75,0.04,0.01,0.83,0.03,17.42,0.0,0,8.0,0.0,0.0,0.0,0.0,0.01,0,0,0.0,0,0.0,3.0,14.99,0,0,0.0,0.0,0.0,0,0,0,0,0,0.0,0.0,0,0,0,0,0,0,0,0,0,0.0,0,0,0,0,0,0.0,0,0,0,0,0,0,0,0,0,0,0,0,0,0,0,0,0,0,0,0,0,0.0,0.0,0.0,0.0,0.0,1.776,1.776,u1,,data\patents\patents_google_com_patent_US20240025797A1_en\processed\splitted\patents_google_com_patent_US20240025797A1_en-table_5-0.csv
49.88,0.0,4.98,0.73,0.04,0.01,12.81,0.21,5.41,0.0,0,7.98,0.0,0.0,0.0,0.0,0.01,0,0,0.0,0,0.0,2.99,14.96,0,0,0.0,0.0,0.0,0,0,0,0,0,0.0,0.0,0,0,0,0,0,0,0,0,0,0.0,0,0,0,0,0,0.0,0,0,0,0,0,0,0,0,0,0,0,0,0,0,0,0,0,0,0,0,0,0.0,0.0,0.0,0.0,0.0,1.806,1.806,u1,,data\patents\patents_google_com_patent_US20240025797A1_en\processed\splitted\patents_google_com_patent_US20240025797A1_en-table_5-1.csv
49.93,0.0,7.99,9.92,0.05,0.01,2.49,0.08,6.56,0.0,0,5.0,0.0,0.0,0.0,0.0,0.01,0,0,0.0,0,0.0,2.99,14.98,0,0,0.0,0.0,0.0,0,0,0,0,0,0.0,0.0,0,0,0,0,0,0,0,0,0,0.0,0,0,0,0,0,0.0,0,0,0,0,0,0,0,0,0,0,0,0,0,0,0,0,0,0,0,0,0,0.0,0.0,0.0,0.0,0.0,1.788,1.788,u1,,data\patents\patents_google_com_patent_US20240025797A1_en\processed\splitted\patents_google_com_patent_US20240025797A1_en-table_5-10.csv
49.9,0.0,2.62,16.61,0.02,0.0,0.0,0.0,0.0,0.0,0,8.47,0.0,0.0,0.0,0.0,0.21,0,0,0.0,0,0.0,3.39,17.71,0,0,0.0,0.0,0.0,0,0,0,0,0,0.0,0.0,0,0,0,0,0,0,0,0,0,0.0,0,0,0,0,0,0.0,0,0,0,0,0,0,0,0,0,0,0,0,0,0,0,0,0,0,0,0,0,0.0,0.0,0.0,0.0,0.0,1.804,1.804,u1,,data\patents\patents_google_com_patent_US20240025797A1_en\processed\splitted\patents_google_com_patent_US20240025797A1_en-table_5-10.csv
49.88,0.0,2.99,15.12,0.02,0.0,0.0,0.0,0.0,0.0,0,9.94,0.0,0.0,0.0,0.0,0.24,0,0,0.0,0,0.0,3.39,17.34,0,0,0.0,0.0,0.0,0,0,0,0,0,0.0,0.0,0,0,0,0,0,0,0,0,0,0.0,0,0,0,0,0,0.0,0,0,0,0,0,0,0,0,0,0,0,0,0,0,0,0,0,0,0,0,0,0.0,0.0,0.0,0.0,0.0,1.806,1.806,u1,,data\patents\patents_google_com_patent_US20240025797A1_en\processed\splitted\patents_google_com_patent_US20240025797A1_en-table_5-10.csv
49.87,0.0,3.01,15.44,0.02,0.0,0.0,0.0,0.0,0.0,0,11.41,0.0,0.0,0.0,0.0,0.21,0,0,0.0,0,0.0,4.56,16.96,0,0,0.0,0.0,0.0,0,0,0,0,0,0.0,0.0,0,0,0,0,0,0,0,0,0,0.0,0,0,0,0,0,0.0,0,0,0,0,0,0,0,0,0,0,0,0,0,0,0,0,0,0,0,0,0,0.0,0.0,0.0,0.0,0.0,1.808,1.808,u1,,data\patents\patents_google_com_patent_US20240025797A1_en\processed\splitted\patents_google_com_patent_US20240025797A1_en-table_5-10.csv
49.88,0.0,3.02,15.77,0.02,0.0,0.0,0.0,0.0,0.0,0,9.93,0.0,0.0,0.0,0.0,0.17,0,0,0.0,0,0.0,5.71,16.95,0,0,0.0,0.0,0.0,0,0,0,0,0,0.0,0.0,0,0,0,0,0,0,0,0,0,0.0,0,0,0,0,0,0.0,0,0,0,0,0,0,0,0,0,0,0,0,0,0,0,0,0,0,0,0,0,0.0,0.0,0.0,0.0,0.0,1.809,1.809,u1,,data\patents\patents_google_com_patent_US20240025797A1_en\processed\splitted\patents_google_com_patent_US20240025797A1_en-table_5-10.csv
49.85,0.0,3.37,13.97,0.02,0.0,0.0,0.0,0.0,0.0,0,12.9,0.0,0.0,0.0,0.0,0.24,0,0,0.0,0,0.0,4.55,16.59,0,0,0.0,0.0,0.0,0,0,0,0,0,0.0,0.0,0,0,0,0,0,0,0,0,0,0.0,0,0,0,0,0,0.0,0,0,0,0,0,0,0,0,0,0,0,0,0,0,0,0,0,0,0,0,0,0.0,0.0,0.0,0.0,0.0,1.81,1.81,u1,,data\patents\patents_google_com_patent_US20240025797A1_en\processed\splitted\patents_google_com_patent_US20240025797A1_en-table_5-11.csv
49.86,0.0,3.39,14.3,0.02,0.0,0.0,0.0,0.0,0.0,0,11.39,0.0,0.0,0.0,0.0,0.21,0,0,0.0,0,0.0,5.71,16.58,0,0,0.0,0.0,0.0,0,0,0,0,0,0.0,0.0,0,0,0,0,0,0,0,0,0,0.0,0,0,0,0,0,0.0,0,0,0,0,0,0,0,0,0,0,0,0,0,0,0,0,0,0,0,0,0,0.0,0.0,0.0,0.0,0.0,1.812,1.812,u1,,data\patents\patents_google_com_patent_US20240025797A1_en\processed\splitted\patents_google_com_patent_US20240025797A1_en-table_5-11.csv
49.88,0.0,3.4,14.63,0.02,0.0,0.0,0.0,0.0,0.0,0,9.92,0.0,0.0,0.0,0.0,0.17,0,0,0.0,0,0.0,6.84,16.57,0,0,0.0,0.0,0.0,0,0,0,0,0,0.0,0.0,0,0,0,0,0,0,0,0,0,0.0,0,0,0,0,0,0.0,0,0,0,0,0,0,0,0,0,0,0,0,0,0,0,0,0,0,0,0,0,0.0,0.0,0.0,0.0,0.0,1.813,1.813,u1,,data\patents\patents_google_com_patent_US20240025797A1_en\processed\splitted\patents_google_com_patent_US20240025797A1_en-table_5-11.csv
49.84,0.0,4.1,10.63,0.03,0.0,0.0,0.0,0.0,0.0,0,14.38,0.0,0.0,0.0,0.01,0.33,0,0,0.0,0,0.0,3.38,16.2,0,0,0.0,0.0,0.0,0,0,0,0,0,0.0,0.0,0,0,0,0,0,0,0,0,0,0.0,0,0,0,0,0,0.0,0,0,0,0,0,0,0,0,0,0,0,0,0,0,0,0,0,0,0,0,0,0.0,0.0,0.0,0.0,0.0,1.812,1.812,u1,,data\patents\patents_google_com_patent_US20240025797A1_en\processed\splitted\patents_google_com_patent_US20240025797A1_en-table_5-11.csv
49.82,0.0,4.48,9.12,0.03,0.0,0.0,0.0,0.0,0.0,0,15.87,0.0,0.0,0.0,0.01,0.36,0,0,0.0,0,0.0,3.39,15.83,0,0,0.0,0.0,0.0,0,0,0,0,0,0.0,0.0,0,0,0,0,0,0,0,0,0,0.0,0,0,0,0,0,0.0,0,0,0,0,0,0,0,0,0,0,0,0,0,0,0,0,0,0,0,0,0,0.0,0.0,0.0,0.0,0.0,1.815,1.815,u1,,data\patents\patents_google_com_patent_US20240025797A1_en\processed\splitted\patents_google_com_patent_US20240025797A1_en-table_5-11.csv
49.81,0.0,4.48,9.5,0.03,0.0,0.0,0.0,0.0,0.0,0,17.37,0.0,0.0,0.0,0.01,0.33,0,0,0.0,0,0.0,4.56,15.44,0,0,0.0,0.0,0.0,0,0,0,0,0,0.0,0.0,0,0,0,0,0,0,0,0,0,0.0,0,0,0,0,0,0.0,0,0,0,0,0,0,0,0,0,0,0,0,0,0,0,0,0,0,0,0,0,0.0,0.0,0.0,0.0,0.0,1.816,1.816,u1,,data\patents\patents_google_com_patent_US20240025797A1_en\processed\splitted\patents_google_com_patent_US20240025797A1_en-table_5-11.csv
49.82,0.0,4.49,9.88,0.03,0.0,0.0,0.0,0.0,0.0,0,15.82,0.0,0.0,0.0,0.0,0.3,0,0,0.0,0,0.0,5.73,15.45,0,0,0.0,0.0,0.0,0,0,0,0,0,0.0,0.0,0,0,0,0,0,0,0,0,0,0.0,0,0,0,0,0,0.0,0,0,0,0,0,0,0,0,0,0,0,0,0,0,0,0,0,0,0,0,0,0.0,0.0,0.0,0.0,0.0,1.818,1.818,u1,,data\patents\patents_google_com_patent_US20240025797A1_en\processed\splitted\patents_google_com_patent_US20240025797A1_en-table_5-11.csv
49.83,0.0,3.61,12.75,0.02,0.0,0.0,0.0,0.0,0.0,0,14.26,0.0,0.0,0.0,0.0,0.27,0,0,0.0,0,0.0,3.77,15.07,0,0,0.0,0.0,0.0,0,0,0,0,0,0.0,0.0,0,0,0,0,0,0,0,0,0,0.0,0,0,0,0,0,0.0,0,0,0,0,0,0,0,0,0,0,0,0,0,0,0,0,0,0,0,0,0,0.0,0.0,0.0,0.0,0.0,1.81,1.81,u1,,data\patents\patents_google_com_patent_US20240025797A1_en\processed\splitted\patents_google_com_patent_US20240025797A1_en-table_5-12.csv
49.85,0.0,3.62,13.1,0.02,0.0,0.0,0.0,0.0,0.0,0,13.38,0.0,0.0,0.0,0.0,0.25,0,0,0.0,0,0.0,4.95,16.34,0,0,0.0,0.0,0.0,0,0,0,0,0,0.0,0.0,0,0,0,0,0,0,0,0,0,0.0,0,0,0,0,0,0.0,0,0,0,0,0,0,0,0,0,0,0,0,0,0,0,0,0,0,0,0,0,0.0,0.0,0.0,0.0,0.0,1.812,1.812,u1,,data\patents\patents_google_com_patent_US20240025797A1_en\processed\splitted\patents_google_com_patent_US20240025797A1_en-table_5-12.csv
49.88,0.0,3.65,13.76,0.02,0.0,0.0,0.0,0.0,0.0,0,10.39,0.0,0.0,0.0,0.0,0.18,0,0,0.0,0,0.0,7.23,16.32,0,0,0.0,0.0,0.0,0,0,0,0,0,0.0,0.0,0,0,0,0,0,0,0,0,0,0.0,0,0,0,0,0,0.0,0,0,0,0,0,0,0,0,0,0,0,0,0,0,0,0,0,0,0,0,0,0.0,0.0,0.0,0.0,0.0,1.815,1.815,u1,,data\patents\patents_google_com_patent_US20240025797A1_en\processed\splitted\patents_google_com_patent_US20240025797A1_en-table_5-12.csv
49.86,0.0,4.37,10.84,0.02,0.0,0.0,0.0,0.0,0.0,0,13.31,0.0,0.0,0.0,0.0,0.25,0,0,0.0,0,0.0,7.24,15.57,0,0,0.0,0.0,0.0,0,0,0,0,0,0.0,0.0,0,0,0,0,0,0,0,0,0,0.0,0,0,0,0,0,0.0,0,0,0,0,0,0,0,0,0,0,0,0,0,0,0,0,0,0,0,0,0,0.0,0.0,0.0,0.0,0.0,1.819,1.819,u1,,data\patents\patents_google_com_patent_US20240025797A1_en\processed\splitted\patents_google_com_patent_US20240025797A1_en-table_5-12.csv
49.87,0.0,4.86,9.86,0.02,0.0,0.0,0.0,0.0,0.0,0,11.31,0.0,0.0,0.0,0.0,0.2,0,0,0.0,0,0.0,10.19,15.08,0,0,0.0,0.0,0.0,0,0,0,0,0,0.0,0.0,0,0,0,0,0,0,0,0,0,0.0,0,0,0,0,0,0.0,0,0,0,0,0,0,0,0,0,0,0,0,0,0,0,0,0,0,0,0,0,0.0,0.0,0.0,0.0,0.0,1.826,1.826,u1,,data\patents\patents_google_com_patent_US20240025797A1_en\processed\splitted\patents_google_com_patent_US20240025797A1_en-table_5-13.csv
49.05,0.0,2.0,7.6,0.02,0.0,0.0,0.0,5.41,0.0,0,14.07,0.0,0.0,0.0,0.0,0.25,0,0,0.0,0,0.0,5.13,17.95,0,0,0.0,0.0,0.0,0,0,0,0,0,0.0,0.0,0,0,0,0,0,0,0,0,0,0.0,0,0,0,0,0,0.0,0,0,0,0,0,0,0,0,0,0,0,0,0,0,0,0,0,0,0,0,0,0.0,0.0,0.0,0.0,0.0,1.804,1.804,u1,,data\patents\patents_google_com_patent_US20240025797A1_en\processed\splitted\patents_google_com_patent_US20240025797A1_en-table_5-14.csv
50.82,0.0,2.0,7.4,0.03,0.0,0.0,0.0,5.42,0.0,0,12.38,0.0,0.0,0.0,0.01,0.31,0,0,0.0,0,0.0,3.56,16.4,0,0,0.0,0.0,0.0,0,0,0,0,0,0.0,0.0,0,0,0,0,0,0,0,0,0,0.0,0,0,0,0,0,0.0,0,0,0,0,0,0,0,0,0,0,0,0,0,0,0,0,0,0,0,0,0,0.0,0.0,0.0,0.0,0.0,1.825,1.825,u1,,data\patents\patents_google_com_patent_US20240025797A1_en\processed\splitted\patents_google_com_patent_US20240025797A1_en-table_5-14.csv
48.42,0.0,1.99,7.27,0.02,0.0,0.0,0.0,5.09,0.0,0,14.91,0.0,0.0,0.0,0.01,0.28,0,0,0.0,0,0.0,5.45,17.94,0,0,0.0,0.0,0.0,0,0,0,0,0,0.0,0.0,0,0,0,0,0,0,0,0,0,0.0,0,0,0,0,0,0.0,0,0,0,0,0,0,0,0,0,0,0,0,0,0,0,0,0,0,0,0,0,0.0,0.0,0.0,0.0,0.0,1.81,1.81,u1,,data\patents\patents_google_com_patent_US20240025797A1_en\processed\splitted\patents_google_com_patent_US20240025797A1_en-table_5-14.csv
50.06,0.0,1.99,7.32,0.02,0.0,0.0,0.0,4.99,0.0,0,13.45,0.0,0.0,0.0,0.0,0.25,0,0,0.0,0,0.0,6.62,16.38,0,0,0.0,0.0,0.0,0,0,0,0,0,0.0,0.0,0,0,0,0,0,0,0,0,0,0.0,0,0,0,0,0,0.0,0,0,0,0,0,0,0,0,0,0,0,0,0,0,0,0,0,0,0,0,0,0.0,0.0,0.0,0.0,0.0,1.797,1.797,u1,,data\patents\patents_google_com_patent_US20240025797A1_en\processed\splitted\patents_google_com_patent_US20240025797A1_en-table_5-14.csv
47.8,0.0,1.99,7.05,0.03,0.0,0.0,0.0,4.85,0.0,0,15.77,0.0,0.0,0.0,0.01,0.29,0,0,0.0,0,0.0,5.69,17.93,0,0,0.0,0.0,0.0,0,0,0,0,0,0.0,0.0,0,0,0,0,0,0,0,0,0,0.0,0,0,0,0,0,0.0,0,0,0,0,0,0,0,0,0,0,0,0,0,0,0,0,0,0,0,0,0,0.0,0.0,0.0,0.0,0.0,1.815,1.815,u1,,data\patents\patents_google_com_patent_US20240025797A1_en\processed\splitted\patents_google_com_patent_US20240025797A1_en-table_5-14.csv
49.47,0.0,1.99,7.02,0.02,0.0,0.0,0.0,4.68,0.0,0,14.26,0.0,0.0,0.0,0.0,0.27,0,0,0.0,0,0.0,6.96,16.37,0,0,0.0,0.0,0.0,0,0,0,0,0,0.0,0.0,0,0,0,0,0,0,0,0,0,0.0,0,0,0,0,0,0.0,0,0,0,0,0,0,0,0,0,0,0,0,0,0,0,0,0,0,0,0,0,0.0,0.0,0.0,0.0,0.0,1.803,1.803,u1,,data\patents\patents_google_com_patent_US20240025797A1_en\processed\splitted\patents_google_com_patent_US20240025797A1_en-table_5-14.csv
50.76,0.0,1.99,7.06,0.02,0.0,0.0,0.0,4.6,0.0,0,13.01,0.0,0.0,0.0,0.0,0.24,0,0,0.0,0,0.0,8.06,15.28,0,0,0.0,0.0,0.0,0,0,0,0,0,0.0,0.0,0,0,0,0,0,0,0,0,0,0.0,0,0,0,0,0,0.0,0,0,0,0,0,0,0,0,0,0,0,0,0,0,0,0,0,0,0,0,0,0.0,0.0,0.0,0.0,0.0,1.791,1.791,u1,,data\patents\patents_google_com_patent_US20240025797A1_en\processed\splitted\patents_google_com_patent_US20240025797A1_en-table_5-14.csv
46.32,0.0,2.0,6.55,0.03,0.0,0.0,0.0,4.36,0.0,0,17.81,0.0,0.0,0.0,0.01,0.33,0,0,0.0,0,0.0,6.19,17.92,0,0,0.0,0.0,0.0,0,0,0,0,0,0.0,0.0,0,0,0,0,0,0,0,0,0,0.0,0,0,0,0,0,0.0,0,0,0,0,0,0,0,0,0,0,0,0,0,0,0,0,0,0,0,0,0,0.0,0.0,0.0,0.0,0.0,1.824,1.824,u1,,data\patents\patents_google_com_patent_US20240025797A1_en\processed\splitted\patents_google_com_patent_US20240025797A1_en-table_5-15.csv
48.27,0.0,1.99,6.32,0.03,0.0,0.0,0.0,4.32,0.0,0,15.92,0.0,0.0,0.0,0.01,0.39,0,0,0.0,0,0.0,4.64,16.35,0,0,0.0,0.0,0.0,0,0,0,0,0,0.0,0.0,0,0,0,0,0,0,0,0,0,0.0,0,0,0,0,0,0.0,0,0,0,0,0,0,0,0,0,0,0,0,0,0,0,0,0,0,0,0,0,0.0,0.0,0.0,0.0,0.0,1.847,1.847,u1,,data\patents\patents_google_com_patent_US20240025797A1_en\processed\splitted\patents_google_com_patent_US20240025797A1_en-table_5-15.csv
45.67,0.0,1.99,6.3,0.03,0.0,0.0,0.0,4.11,0.0,0,18.7,0.0,0.0,0.0,0.01,0.35,0,0,0.0,0,0.0,6.44,17.93,0,0,0.0,0.0,0.0,0,0,0,0,0,0.0,0.0,0,0,0,0,0,0,0,0,0,0.0,0,0,0,0,0,0.0,0,0,0,0,0,0,0,0,0,0,0,0,0,0,0,0,0,0,0,0,0,0.0,0.0,0.0,0.0,0.0,1.829,1.829,u1,,data\patents\patents_google_com_patent_US20240025797A1_en\processed\splitted\patents_google_com_patent_US20240025797A1_en-table_5-15.csv
47.67,0.0,1.99,6.3,0.03,0.0,0.0,0.0,3.97,0.0,0,16.76,0.0,0.0,0.0,0.0,0.32,0,0,0.0,0,0.0,7.71,16.34,0,0,0.0,0.0,0.0,0,0,0,0,0,0.0,0.0,0,0,0,0,0,0,0,0,0,0.0,0,0,0,0,0,0.0,0,0,0,0,0,0,0,0,0,0,0,0,0,0,0,0,0,0,0,0,0,0.0,0.0,0.0,0.0,0.0,1.817,1.817,u1,,data\patents\patents_google_com_patent_US20240025797A1_en\processed\splitted\patents_google_com_patent_US20240025797A1_en-table_5-15.csv
49.03,0.0,1.99,5.97,0.03,0.0,0.0,0.0,3.78,0.0,0,15.41,0.0,0.0,0.0,0.01,0.38,0,0,0.0,0,0.0,6.78,15.23,0,0,0.0,0.0,0.0,0,0,0,0,0,0.0,0.0,0,0,0,0,0,0,0,0,0,0.0,0,0,0,0,0,0.0,0,0,0,0,0,0,0,0,0,0,0,0,0,0,0,0,0,0,0,0,0,0.0,0.0,0.0,0.0,0.0,1.836,1.836,u1,,data\patents\patents_google_com_patent_US20240025797A1_en\processed\splitted\patents_google_com_patent_US20240025797A1_en-table_5-15.csv
46.83,0.0,1.99,5.97,0.03,0.0,0.0,0.0,3.65,0.0,0,17.9,0.0,0.0,0.0,0.01,0.34,0,0,0.0,0,0.0,8.06,16.32,0,0,0.0,0.0,0.0,0,0,0,0,0,0.0,0.0,0,0,0,0,0,0,0,0,0,0.0,0,0,0,0,0,0.0,0,0,0,0,0,0,0,0,0,0,0,0,0,0,0,0,0,0,0,0,0,0.0,0.0,0.0,0.0,0.0,1.823,1.823,u1,,data\patents\patents_google_com_patent_US20240025797A1_en\processed\splitted\patents_google_com_patent_US20240025797A1_en-table_5-15.csv
48.24,0.0,2.0,5.97,0.03,0.0,0.0,0.0,3.52,0.0,0,16.51,0.0,0.0,0.0,0.0,0.31,0,0,0.0,0,0.0,9.24,15.2,0,0,0.0,0.0,0.0,0,0,0,0,0,0.0,0.0,0,0,0,0,0,0,0,0,0,0.0,0,0,0,0,0,0.0,0,0,0,0,0,0,0,0,0,0,0,0,0,0,0,0,0,0,0,0,0,0.0,0.0,0.0,0.0,0.0,1.811,1.811,u1,,data\patents\patents_google_com_patent_US20240025797A1_en\processed\splitted\patents_google_com_patent_US20240025797A1_en-table_5-15.csv
48.16,0.0,2.0,6.86,0.03,0.0,0.0,0.0,4.63,0.0,0,15.71,0.0,0.0,0.0,0.01,0.3,0,0,0.0,0,0.0,6.28,17.14,0,0,0.0,0.0,0.0,0,0,0,0,0,0.0,0.0,0,0,0,0,0,0,0,0,0,0.0,0,0,0,0,0,0.0,0,0,0,0,0,0,0,0,0,0,0,0,0,0,0,0,0,0,0,0,0,0.0,0.0,0.0,0.0,0.0,1.814,1.814,u1,,data\patents\patents_google_com_patent_US20240025797A1_en\processed\splitted\patents_google_com_patent_US20240025797A1_en-table_5-15.csv
50.83,0.0,1.99,6.82,0.02,0.0,0.0,0.0,4.32,0.0,0,13.13,0.0,0.0,0.0,0.0,0.25,0,0,0.0,0,0.0,8.69,14.92,0,0,0.0,0.0,0.0,0,0,0,0,0,0.0,0.0,0,0,0,0,0,0,0,0,0,0.0,0,0,0,0,0,0.0,0,0,0,0,0,0,0,0,0,0,0,0,0,0,0,0,0,0,0,0,0,0.0,0.0,0.0,0.0,0.0,1.791,1.791,u1,,data\patents\patents_google_com_patent_US20240025797A1_en\processed\splitted\patents_google_com_patent_US20240025797A1_en-table_5-16.csv
48.93,0.0,1.99,6.62,0.03,0.0,0.0,0.0,4.24,0.0,0,15.2,0.0,0.0,0.0,0.0,0.29,0,0,0.0,0,0.0,7.78,15.98,0,0,0.0,0.0,0.0,0,0,0,0,0,0.0,0.0,0,0,0,0,0,0,0,0,0,0.0,0,0,0,0,0,0.0,0,0,0,0,0,0,0,0,0,0,0,0,0,0,0,0,0,0,0,0,0,0.0,0.0,0.0,0.0,0.0,1.807,1.807,u1,,data\patents\patents_google_com_patent_US20240025797A1_en\processed\splitted\patents_google_com_patent_US20240025797A1_en-table_5-16.csv
50.23,0.0,2.0,6.6,0.02,0.0,0.0,0.0,4.1,0.0,0,13.91,0.0,0.0,0.0,0.0,0.26,0,0,0.0,0,0.0,8.94,14.9,0,0,0.0,0.0,0.0,0,0,0,0,0,0.0,0.0,0,0,0,0,0,0,0,0,0,0.0,0,0,0,0,0,0.0,0,0,0,0,0,0,0,0,0,0,0,0,0,0,0,0,0,0,0,0,0,0.0,0.0,0.0,0.0,0.0,1.796,1.796,u1,,data\patents\patents_google_com_patent_US20240025797A1_en\processed\splitted\patents_google_com_patent_US20240025797A1_en-table_5-16.csv
51.48,0.0,2.0,6.38,0.03,0.0,0.0,0.0,4.0,0.0,0,12.71,0.0,0.0,0.0,0.0,0.3,0,0,0.0,0,0.0,8.03,13.88,0,0,0.0,0.0,0.0,0,0,0,0,0,0.0,0.0,0,0,0,0,0,0,0,0,0,0.0,0,0,0,0,0,0.0,0,0,0,0,0,0,0,0,0,0,0,0,0,0,0,0,0,0,0,0,0,0.0,0.0,0.0,0.0,0.0,1.811,1.811,u1,,data\patents\patents_google_com_patent_US20240025797A1_en\processed\splitted\patents_google_com_patent_US20240025797A1_en-table_5-16.csv
49.66,0.0,1.99,6.37,0.03,0.0,0.0,0.0,3.86,0.0,0,14.71,0.0,0.0,0.0,0.0,0.28,0,0,0.0,0,0.0,9.19,14.88,0,0,0.0,0.0,0.0,0,0,0,0,0,0.0,0.0,0,0,0,0,0,0,0,0,0,0.0,0,0,0,0,0,0.0,0,0,0,0,0,0,0,0,0,0,0,0,0,0,0,0,0,0,0,0,0,0.0,0.0,0.0,0.0,0.0,1.8,1.8,u1,,data\patents\patents_google_com_patent_US20240025797A1_en\processed\splitted\patents_google_com_patent_US20240025797A1_en-table_5-16.csv
50.93,0.0,2.0,6.13,0.03,0.0,0.0,0.0,3.63,0.0,0,13.48,0.0,0.0,0.0,0.0,0.3,0,0,0.0,0,0.0,9.45,13.86,0,0,0.0,0.0,0.0,0,0,0,0,0,0.0,0.0,0,0,0,0,0,0,0,0,0,0.0,0,0,0,0,0,0.0,0,0,0,0,0,0,0,0,0,0,0,0,0,0,0,0,0,0,0,0,0,0.0,0.0,0.0,0.0,0.0,1.804,1.804,u1,,data\patents\patents_google_com_patent_US20240025797A1_en\processed\splitted\patents_google_com_patent_US20240025797A1_en-table_5-16.csv
50.38,0.0,1.99,6.73,0.02,0.0,0.0,0.0,4.1,0.0,0,14.25,0.0,0.0,0.0,0.0,0.23,0,0,0.0,0,0.0,9.88,13.83,0,0,0.0,0.0,0.0,0,0,0,0,0,0.0,0.0,0,0,0,0,0,0,0,0,0,0.0,0,0,0,0,0,0.0,0,0,0,0,0,0,0,0,0,0,0,0,0,0,0,0,0,0,0,0,0,0.0,0.0,0.0,0.0,0.0,1.782,1.782,u1,,data\patents\patents_google_com_patent_US20240025797A1_en\processed\splitted\patents_google_com_patent_US20240025797A1_en-table_5-16.csv
53.02,0.0,2.0,6.51,0.02,0.0,0.0,0.0,3.92,0.0,0,11.09,0.0,0.0,0.0,0.0,0.25,0,0,0.0,0,0.0,9.77,12.95,0,0,0.0,0.0,0.0,0,0,0,0,0,0.0,0.0,0,0,0,0,0,0,0,0,0,0.0,0,0,0,0,0,0.0,0,0,0,0,0,0,0,0,0,0,0,0,0,0,0,0,0,0,0,0,0,0.0,0.0,0.0,0.0,0.0,1.79,1.79,u1,,data\patents\patents_google_com_patent_US20240025797A1_en\processed\splitted\patents_google_com_patent_US20240025797A1_en-table_5-16.csv
53.61,0.0,1.99,6.28,0.02,0.0,0.0,0.0,3.7,0.0,0,10.73,0.0,0.0,0.0,0.0,0.27,0,0,0.0,0,0.0,10.02,12.01,0,0,0.0,0.0,0.0,0,0,0,0,0,0.0,0.0,0,0,0,0,0,0,0,0,0,0.0,0,0,0,0,0,0.0,0,0,0,0,0,0,0,0,0,0,0,0,0,0,0,0,0,0,0,0,0,0.0,0.0,0.0,0.0,0.0,1.794,1.794,u1,,data\patents\patents_google_com_patent_US20240025797A1_en\processed\splitted\patents_google_com_patent_US20240025797A1_en-table_5-17.csv
51.56,0.0,2.0,6.27,0.02,0.0,0.0,0.0,3.57,0.0,0,12.95,0.0,0.0,0.0,0.0,0.24,0,0,0.0,0,0.0,11.08,13.2,0,0,0.0,0.0,0.0,0,0,0,0,0,0.0,0.0,0,0,0,0,0,0,0,0,0,0.0,0,0,0,0,0,0.0,0,0,0,0,0,0,0,0,0,0,0,0,0,0,0,0,0,0,0,0,0,0.0,0.0,0.0,0.0,0.0,1.784,1.784,u1,,data\patents\patents_google_com_patent_US20240025797A1_en\processed\splitted\patents_google_com_patent_US20240025797A1_en-table_5-17.csv
52.72,0.0,1.99,6.26,0.02,0.0,0.0,0.0,3.41,0.0,0,11.82,0.0,0.0,0.0,0.0,0.22,0,0,0.0,0,0.0,12.4,12.28,0,0,0.0,0.0,0.0,0,0,0,0,0,0.0,0.0,0,0,0,0,0,0,0,0,0,0.0,0,0,0,0,0,0.0,0,0,0,0,0,0,0,0,0,0,0,0,0,0,0,0,0,0,0,0,0,0.0,0.0,0.0,0.0,0.0,1.771,1.771,u1,,data\patents\patents_google_com_patent_US20240025797A1_en\processed\splitted\patents_google_com_patent_US20240025797A1_en-table_5-17.csv
54.18,0.0,1.99,5.99,0.03,0.0,0.0,0.0,3.35,0.0,0,10.4,0.0,0.0,0.0,0.0,0.28,0,0,0.0,0,0.0,10.72,11.11,0,0,0.0,0.0,0.0,0,0,0,0,0,0.0,0.0,0,0,0,0,0,0,0,0,0,0.0,0,0,0,0,0,0.0,0,0,0,0,0,0,0,0,0,0,0,0,0,0,0,0,0,0,0,0,0,0.0,0.0,0.0,0.0,0.0,1.796,1.796,u1,,data\patents\patents_google_com_patent_US20240025797A1_en\processed\splitted\patents_google_com_patent_US20240025797A1_en-table_5-17.csv
51.23,0.0,1.99,5.99,0.02,0.0,0.0,0.0,3.23,0.0,0,13.56,0.0,0.0,0.0,0.0,0.25,0,0,0.0,0,0.0,11.75,12.84,0,0,0.0,0.0,0.0,0,0,0,0,0,0.0,0.0,0,0,0,0,0,0,0,0,0,0.0,0,0,0,0,0,0.0,0,0,0,0,0,0,0,0,0,0,0,0,0,0,0,0,0,0,0,0,0,0.0,0.0,0.0,0.0,0.0,1.786,1.786,u1,,data\patents\patents_google_com_patent_US20240025797A1_en\processed\splitted\patents_google_com_patent_US20240025797A1_en-table_5-17.csv
52.41,0.0,2.0,5.99,0.02,0.0,0.0,0.0,3.13,0.0,0,12.41,0.0,0.0,0.0,0.0,0.24,0,0,0.0,0,0.0,12.74,11.93,0,0,0.0,0.0,0.0,0,0,0,0,0,0.0,0.0,0,0,0,0,0,0,0,0,0,0.0,0,0,0,0,0,0.0,0,0,0,0,0,0,0,0,0,0,0,0,0,0,0,0,0,0,0,0,0,0.0,0.0,0.0,0.0,0.0,1.776,1.776,u1,,data\patents\patents_google_com_patent_US20240025797A1_en\processed\splitted\patents_google_com_patent_US20240025797A1_en-table_5-17.csv
53.49,0.0,1.99,5.99,0.02,0.0,0.0,0.0,2.99,0.0,0,11.33,0.0,0.0,0.0,0.0,0.21,0,0,0.0,0,0.0,13.97,11.06,0,0,0.0,0.0,0.0,0,0,0,0,0,0.0,0.0,0,0,0,0,0,0,0,0,0,0.0,0,0,0,0,0,0.0,0,0,0,0,0,0,0,0,0,0,0,0,0,0,0,0,0,0,0,0,0,0.0,0.0,0.0,0.0,0.0,1.764,1.764,u1,,data\patents\patents_google_com_patent_US20240025797A1_en\processed\splitted\patents_google_com_patent_US20240025797A1_en-table_5-17.csv
44.84,0.0,2.68,11.95,0.03,0.0,0.02,0.0,0.0,0.0,0,14.94,0.0,0.0,0.0,0.0,0.31,0,0,7.06,0,4.46,6.34,7.29,0,0,0.0,0.0,0.0,0,0,0,0,0,0.04,0.0,0,0,0,0,0,0,0,0,0,0.0,0,0,0,0,0,0.0,0,0,0,0,0,0,0,0,0,0,0,0,0,0,0,0,0,0,0,0,0,0.0,0.0,0.0,0.0,0.0,1.834,1.834,u1,,data\patents\patents_google_com_patent_US20240025797A1_en\processed\splitted\patents_google_com_patent_US20240025797A1_en-table_5-18.csv
44.81,0.0,3.14,11.96,0.03,0.0,0.02,0.0,0.0,0.0,0,14.94,0.0,0.0,0.0,0.0,0.3,0,0,6.77,0,2.44,7.27,7.37,0,0,0.0,0.0,0.0,0,0,0,0,0,0.04,0.0,0,0,0,0,0,0,0,0,0,0.0,0,0,0,0,0,0.0,0,0,0,0,0,0,0,0,0,0,0,0,0,0,0,0,0,0,0,0,0,0.0,0.0,0.0,0.0,0.0,1.833,1.833,u1,,data\patents\patents_google_com_patent_US20240025797A1_en\processed\splitted\patents_google_com_patent_US20240025797A1_en-table_5-18.csv
44.83,0.0,3.65,11.95,0.03,0.0,0.0,0.0,0.0,0.0,0,14.94,0.0,0.0,0.0,0.0,0.31,0,0,3.84,0,2.81,8.3,8.53,0,0,0.0,0.0,0.0,0,0,0,0,0,0.02,0.0,0,0,0,0,0,0,0,0,0,0.0,0,0,0,0,0,0.0,0,0,0,0,0,0,0,0,0,0,0,0,0,0,0,0,0,0,0,0,0,0.0,0.0,0.0,0.0,0.0,1.826,1.826,u1,,data\patents\patents_google_com_patent_US20240025797A1_en\processed\splitted\patents_google_com_patent_US20240025797A1_en-table_5-19.csv
49.86,0.0,2.64,16.91,0.02,0.0,0.0,0.0,0.0,0.0,0,12.15,0.0,0.0,0.0,0.0,0.17,0,0,0.0,0,0.0,4.55,14.96,0,0,0.0,0.0,0.0,0,0,0,0,0,0.0,0.0,0,0,0,0,0,0,0,0,0,0.0,0,0,0,0,0,0.0,0,0,0,0,0,0,0,0,0,0,0,0,0,0,0,0,0,0,0,0,0,0.0,0.0,0.0,0.0,0.0,1.806,1.806,u1,,data\patents\patents_google_com_patent_US20240025797A1_en\processed\splitted\patents_google_com_patent_US20240025797A1_en-table_5-2.csv
49.91,0.0,4.87,10.23,0.02,0.0,0.0,0.0,0.0,0.0,0,8.46,0.0,0.0,0.0,0.0,0.17,0,0,0.0,0,0.0,11.26,16.19,0,0,0.0,0.0,0.0,0,0,0,0,0,0.0,0.0,0,0,0,0,0,0,0,0,0,0.0,0,0,0,0,0,0.0,0,0,0,0,0,0,0,0,0,0,0,0,0,0,0,0,0,0,0,0,0,0.0,0.0,0.0,0.0,0.0,1.828,1.828,u1,,data\patents\patents_google_com_patent_US20240025797A1_en\processed\splitted\patents_google_com_patent_US20240025797A1_en-table_5-3.csv
44.86,0.0,4.99,8.34,0.02,0.0,4.17,0.0,6.44,0.0,0,14.94,0.0,0.0,0.0,0.0,0.16,0,0,0.0,0,0.0,2.99,11.18,0,0,0.0,0.0,0.0,0,0,0,0,0,0.0,0.0,0,0,0,0,0,0,0,0,0,0.0,0,0,0,0,0,0.0,0,0,0,0,0,0,0,0,0,0,0,0,0,0,0,0,0,0,0,0,0,0.0,0.0,0.0,0.0,0.0,1.787,1.787,u1,,data\patents\patents_google_com_patent_US20240025797A1_en\processed\splitted\patents_google_com_patent_US20240025797A1_en-table_5-4.csv
49.99,0.0,3.62,4.77,0.02,0.0,2.0,0.0,4.0,0.0,0,10.96,0.0,0.0,4.0,0.0,2.0,0,0,0.0,0,0.0,3.79,15.13,0,0,0.0,0.0,0.0,0,0,0,0,0,0.0,0.0,0,0,0,0,0,0,0,0,0,0.0,0,0,0,0,0,0.0,0,0,0,0,0,0,0,0,0,0,0,0,0,0,0,0,0,0,0,0,0,0.0,0.0,0.0,0.0,0.0,1.811,1.811,u1,,data\patents\patents_google_com_patent_US20240025797A1_en\processed\splitted\patents_google_com_patent_US20240025797A1_en-table_5-5.csv
49.99,0.0,4.5,3.54,0.02,0.0,3.0,0.0,3.0,0.0,0,7.88,0.0,0.0,2.99,0.0,3.0,0,0,0.0,0,0.0,4.58,15.99,0,0,0.0,0.0,0.0,0,0,0,0,0,0.0,0.0,0,0,0,0,0,0,0,0,0,0.0,0,0,0,0,0,0.0,0,0,0,0,0,0,0,0,0,0,0,0,0,0,0,0,0,0,0,0,0,0.0,0.0,0.0,0.0,0.0,1.817,1.817,u1,,data\patents\patents_google_com_patent_US20240025797A1_en\processed\splitted\patents_google_com_patent_US20240025797A1_en-table_5-5.csv
49.88,0.0,0.0,16.05,0.04,0.01,0.0,0.02,0.0,0.0,0,6.83,0.0,0.0,0.0,0.0,0.14,0,0,0.0,0,0.0,11.89,16.12,0,0,0.0,0.0,0.0,0,0,0,0,0,0.0,0.0,0,0,0,0,0,0,0,0,0,0.0,0,0,0,0,0,0.0,0,0,0,0,0,0,0,0,0,0,0,0,0,0,0,0,0,0,0,0,0,0.0,0.0,0.0,0.0,0.0,1.803,1.803,u1,,data\patents\patents_google_com_patent_US20240025797A1_en\processed\splitted\patents_google_com_patent_US20240025797A1_en-table_5-6.csv
49.91,0.0,0.0,14.97,0.04,0.01,0.0,0.02,0.0,0.0,0,5.41,0.0,0.0,0.0,0.0,0.1,0,0,0.0,0,0.0,19.96,11.39,0,0,0.0,0.0,0.0,0,0,0,0,0,0.0,0.0,0,0,0,0,0,0,0,0,0,0.0,0,0,0,0,0,0.0,0,0,0,0,0,0,0,0,0,0,0,0,0,0,0,0,0,0,0,0,0,0.0,0.0,0.0,0.0,0.0,1.778,1.778,u1,,data\patents\patents_google_com_patent_US20240025797A1_en\processed\splitted\patents_google_com_patent_US20240025797A1_en-table_5-6.csv
49.91,0.0,0.0,0.01,5.0,0.01,0.0,0.02,0.0,0.0,0,5.85,0.0,0.0,14.98,0.0,0.01,0,0,0.0,0,0.0,10.0,12.86,0,0,0.0,0.0,0.0,0,0,0,0,0,0.0,0.0,0,0,0,0,0,0,0,0,0,0.0,0,0,0,0,0,0.0,0,0,0,0,0,0,0,0,0,0,0,0,0,0,0,0,0,0,0,0,0,0.0,0.0,0.0,0.0,0.0,1.74,1.74,u1,,data\patents\patents_google_com_patent_US20240025797A1_en\processed\splitted\patents_google_com_patent_US20240025797A1_en-table_5-6.csv
49.95,0.0,5.0,14.82,0.04,0.01,0.85,0.03,3.31,0.0,0,7.99,0.0,0.0,0.0,0.0,0.01,0,0,0.0,0,0.0,2.99,14.98,0,0,0.0,0.0,0.0,0,0,0,0,0,0.0,0.0,0,0,0,0,0,0,0,0,0,0.0,0,0,0,0,0,0.0,0,0,0,0,0,0,0,0,0,0,0,0,0,0,0,0,0,0,0,0,0,0.0,0.0,0.0,0.0,0.0,1.78,1.78,u1,,data\patents\patents_google_com_patent_US20240025797A1_en\processed\splitted\patents_google_com_patent_US20240025797A1_en-table_5-6.csv
49.96,0.0,4.99,12.32,0.04,0.01,3.39,0.08,3.27,0.0,0,8.0,0.0,0.0,0.0,0.0,0.01,0,0,0.0,0,0.0,3.0,14.99,0,0,0.0,0.0,0.0,0,0,0,0,0,0.0,0.0,0,0,0,0,0,0,0,0,0,0.0,0,0,0,0,0,0.0,0,0,0,0,0,0,0,0,0,0,0,0,0,0,0,0,0,0,0,0,0,0.0,0.0,0.0,0.0,0.0,1.785,1.785,u1,,data\patents\patents_google_com_patent_US20240025797A1_en\processed\splitted\patents_google_com_patent_US20240025797A1_en-table_5-6.csv
49.91,0.0,4.99,3.01,0.04,0.01,0.82,0.03,15.15,0.0,0,7.99,0.0,0.0,0.0,0.0,0.01,0,0,0.0,0,0.0,3.0,14.97,0,0,0.0,0.0,0.0,0,0,0,0,0,0.0,0.0,0,0,0,0,0,0,0,0,0,0.0,0,0,0,0,0,0.0,0,0,0,0,0,0,0,0,0,0,0,0,0,0,0,0,0,0,0,0,0,0.0,0.0,0.0,0.0,0.0,1.776,1.776,u1,,data\patents\patents_google_com_patent_US20240025797A1_en\processed\splitted\patents_google_com_patent_US20240025797A1_en-table_5-7.csv
49.95,0.0,4.99,2.99,0.04,0.01,3.28,0.08,12.69,0.0,0,8.0,0.0,0.0,0.0,0.0,0.01,0,0,0.0,0,0.0,3.0,14.99,0,0,0.0,0.0,0.0,0,0,0,0,0,0.0,0.0,0,0,0,0,0,0,0,0,0,0.0,0,0,0,0,0,0.0,0,0,0,0,0,0,0,0,0,0,0,0,0,0,0,0,0,0,0,0,0,0.0,0.0,0.0,0.0,0.0,1.782,1.782,u1,,data\patents\patents_google_com_patent_US20240025797A1_en\processed\splitted\patents_google_com_patent_US20240025797A1_en-table_5-7.csv
49.95,0.0,4.99,8.28,0.04,0.01,9.09,0.15,1.6,0.0,0,7.99,0.0,0.0,0.0,0.0,0.01,0,0,0.0,0,0.0,2.99,14.98,0,0,0.0,0.0,0.0,0,0,0,0,0,0.0,0.0,0,0,0,0,0,0,0,0,0,0.0,0,0,0,0,0,0.0,0,0,0,0,0,0,0,0,0,0,0,0,0,0,0,0,0,0,0,0,0,0.0,0.0,0.0,0.0,0.0,1.799,1.799,u1,,data\patents\patents_google_com_patent_US20240025797A1_en\processed\splitted\patents_google_com_patent_US20240025797A1_en-table_5-8.csv
49.89,0.0,5.0,6.04,0.04,0.01,4.14,0.08,8.8,0.0,0,7.98,0.0,0.0,0.0,0.0,0.01,0,0,0.0,0,0.0,3.0,14.96,0,0,0.0,0.0,0.0,0,0,0,0,0,0.0,0.0,0,0,0,0,0,0,0,0,0,0.0,0,0,0,0,0,0.0,0,0,0,0,0,0,0,0,0,0,0,0,0,0,0,0,0,0,0,0,0,0.0,0.0,0.0,0.0,0.0,1.786,1.786,u1,,data\patents\patents_google_com_patent_US20240025797A1_en\processed\splitted\patents_google_com_patent_US20240025797A1_en-table_5-8.csv
49.9,0.0,4.99,3.71,0.04,0.01,8.95,0.15,6.29,0.0,0,7.98,0.0,0.0,0.0,0.0,0.01,0,0,0.0,0,0.0,2.99,14.97,0,0,0.0,0.0,0.0,0,0,0,0,0,0.0,0.0,0,0,0,0,0,0,0,0,0,0.0,0,0,0,0,0,0.0,0,0,0,0,0,0,0,0,0,0,0,0,0,0,0,0,0,0,0,0,0,0.0,0.0,0.0,0.0,0.0,1.797,1.797,u1,,data\patents\patents_google_com_patent_US20240025797A1_en\processed\splitted\patents_google_com_patent_US20240025797A1_en-table_5-8.csv
49.85,0.0,4.99,2.92,0.04,0.01,15.24,0.25,0.78,0.0,0,7.98,0.0,0.0,0.0,0.0,0.01,0,0,0.0,0,0.0,2.99,14.96,0,0,0.0,0.0,0.0,0,0,0,0,0,0.0,0.0,0,0,0,0,0,0,0,0,0,0.0,0,0,0,0,0,0.0,0,0,0,0,0,0,0,0,0,0,0,0,0,0,0,0,0,0,0,0,0,0.0,0.0,0.0,0.0,0.0,1.813,1.813,u1,,data\patents\patents_google_com_patent_US20240025797A1_en\processed\splitted\patents_google_com_patent_US20240025797A1_en-table_5-8.csv
49.88,0.0,4.98,0.73,0.04,0.01,15.13,0.25,3.08,0.0,0,7.98,0.0,0.0,0.0,0.0,0.01,0,0,0.0,0,0.0,2.99,14.96,0,0,0.0,0.0,0.0,0,0,0,0,0,0.0,0.0,0,0,0,0,0,0,0,0,0,0.0,0,0,0,0,0,0.0,0,0,0,0,0,0,0,0,0,0,0,0,0,0,0,0,0,0,0,0,0,0.0,0.0,0.0,0.0,0.0,1.813,1.813,u1,,data\patents\patents_google_com_patent_US20240025797A1_en\processed\splitted\patents_google_com_patent_US20240025797A1_en-table_5-9.csv
49.93,0.0,7.99,14.37,0.05,0.01,0.61,0.05,4.0,0.0,0,4.99,0.0,0.0,0.0,0.0,0.01,0,0,0.0,0,0.0,3.0,14.98,0,0,0.0,0.0,0.0,0,0,0,0,0,0.0,0.0,0,0,0,0,0,0,0,0,0,0.0,0,0,0,0,0,0.0,0,0,0,0,0,0,0,0,0,0,0,0,0,0,0,0,0,0,0,0,0,0.0,0.0,0.0,0.0,0.0,1.785,1.785,u1,,data\patents\patents_google_com_patent_US20240025797A1_en\processed\splitted\patents_google_com_patent_US20240025797A1_en-table_5-9.csv
49.94,0.0,7.98,13.14,0.05,0.01,4.23,0.1,1.6,0.0,0,5.0,0.0,0.0,0.0,0.0,0.01,0,0,0.0,0,0.0,3.0,14.98,0,0,0.0,0.0,0.0,0,0,0,0,0,0.0,0.0,0,0,0,0,0,0,0,0,0,0.0,0,0,0,0,0,0.0,0,0,0,0,0,0,0,0,0,0,0,0,0,0,0,0,0,0,0,0,0,0.0,0.0,0.0,0.0,0.0,1.794,1.794,u1,,data\patents\patents_google_com_patent_US20240025797A1_en\processed\splitted\patents_google_com_patent_US20240025797A1_en-table_5-9.csv
49.91,0.0,7.98,12.54,0.05,0.01,6.03,0.13,0.4,0.0,0,4.99,0.0,0.0,0.0,0.0,0.01,0,0,0.0,0,0.0,2.99,14.97,0,0,0.0,0.0,0.0,0,0,0,0,0,0.0,0.0,0,0,0,0,0,0,0,0,0,0.0,0,0,0,0,0,0.0,0,0,0,0,0,0,0,0,0,0,0,0,0,0,0,0,0,0,0,0,0,0.0,0.0,0.0,0.0,0.0,1.798,1.798,u1,,data\patents\patents_google_com_patent_US20240025797A1_en\processed\splitted\patents_google_com_patent_US20240025797A1_en-table_5-9.csv
49.89,0.0,7.99,13.13,0.05,0.01,0.61,0.05,5.25,0.0,0,4.99,0.0,0.0,0.0,0.0,0.01,0,0,0.0,0,0.0,3.0,14.97,0,0,0.0,0.0,0.0,0,0,0,0,0,0.0,0.0,0,0,0,0,0,0,0,0,0,0.0,0,0,0,0,0,0.0,0,0,0,0,0,0,0,0,0,0,0,0,0,0,0,0,0,0,0,0,0,0.0,0.0,0.0,0.0,0.0,1.784,1.784,u1,,data\patents\patents_google_com_patent_US20240025797A1_en\processed\splitted\patents_google_com_patent_US20240025797A1_en-table_5-9.csv
0.0,22.84,0.0,0.0,0.0,0.0,3.52,0.0,9.98,0.0,0,6.18,0.0,0.0,3.65,0.0346,0.0,0,0,0.0,0,0.0,14.99,38.99,0,0,0.0,0.0,0.0,0,0,0,0,0,0.0,0.0,0,0,0,0,0,0,0,0,0,0.0,0,0,0,0,0,0.0,0,0,0,0,0,0,0,0,0,0,0,0,0,0,0,0,0,0,0,0,0,0.0,0.0,0.0,2.011,0.0,0.0,2.011,u2,,data\patents\patents_google_com_patent_US11485676B2_en\processed\splitted\patents_google_com_patent_US11485676B2_en-table_5-1.csv
0.0,23.97,0.0,2.14,0.0,0.0,9.02,0.0,4.02,0.0,0,8.0,0.0,0.0,3.71,0.0284,0.0,0,0,0.0,0,0.0,18.98,31.99,0,0,0.0,0.0,0.0,0,0,0,0,0,0.0,0.0,0,0,0,0,0,0,0,0,0,0.0,0,0,0,0,0,0.0,0,0,0,0,0,0,0,0,0,0,0,0,0,0,0,0,0,0,0,0,0,0.0,0.0,0.0,1.985,0.0,0.0,1.985,u2,,data\patents\patents_google_com_patent_US11485676B2_en\processed\splitted\patents_google_com_patent_US11485676B2_en-table_5-12.csv
0.0,25.0,0.0,3.98,0.0,0.0,2.81,0.0,4.01,0.0,0,5.71,0.0,0.0,2.99,0.0269,0.0,0,0,0.0,0,0.0,28.0,27.5,0,0,0.0,0.0,0.0,0,0,0,0,0,0.0,0.0,0,0,0,0,0,0,0,0,0,0.0,0,0,0,0,0,0.0,0,0,0,0,0,0,0,0,0,0,0,0,0,0,0,0,0,0,0,0,0,1.9669,1.9386,1.949,1.978,0.0,0.0,-1.0,u2,,data\patents\patents_google_com_patent_US11485676B2_en\processed\splitted\patents_google_com_patent_US11485676B2_en-table_5-8.csv
0.0,24.79,0.0,4.24,0.0148,0.0028,8.19,0.0,4.62,0.0,0,6.26,0.0,0.0,0.0,0.0277,0.0,0,0,0.0,0,0.0,21.85,29.94,0,0,0.0,0.0,0.0,0,0,0,0,0,0.0,0.0,0,0,0,0,0,0,0,0,0,0.0,0,0,0,0,0,0.0,0,0,0,0,0,0,0,0,0,0,0,0,0,0,0,0,0,0,0,0,0,2.0001,1.9711,1.9818,1.972,0.0,0.0,-1.0,u2,,data\patents\patents_google_com_patent_US11485676B2_en\processed\splitted\patents_google_com_patent_US11485676B2_en-table_5-9.csv
3.6,22.31,0.0,15.21,0.0,0.0,0.0,0.0,3.58,4.85,0,0.0,0.0,0.0,0.0,0.0,2.6,0,0,0.0,0,0.0,23.62,23.33,0,0,0.0,0.0,0.0,0,0,0,0,0,0.0,0.0,0,0,0,0,0,0,0,0,0,0.0,0,0,0,0,0,0.0,0,0,0,0,0,0,0,0,0,0,0,0,0,0,0,0,0,0,0,0,0,1.9385,1.9126,1.9222,1.899,0.0,0.0,-1.0,u2,,data\patents\patents_google_com_patent_US11485676B2_en\processed\splitted\patents_google_com_patent_US11485676B2_en-table_6-0.csv
0.0,24.99,0.0,4.99,0.0158,0.0,5.0,0.0,4.99,0.0,0,7.0,4.0,0.0,5.0,0.0328,0.0,0,0,0.0,0,0.0,10.0,34.98,0,0,0.0,0.0,0.0,0,0,0,0,0,0.0,0.0,0,0,0,0,0,0,0,0,0,0.0,0,0,0,0,0,0.0,0,0,0,0,0,0,0,0,0,0,0,0,0,0,0,0,0,0,0,0,0,0.0,0.0,0.0,1.952,0.0,0.0,1.952,u2,,data\patents\patents_google_com_patent_US11485676B2_en\processed\splitted\patents_google_com_patent_US11485676B2_en-table_6-1.csv
0.0,24.99,0.0,4.99,0.0,0.0,4.99,0.0,5.0,0.0,0,5.0,0.0,0.0,4.98,0.0282,3.0,0,0,0.0,0,0.0,15.01,31.99,0,0,0.0,0.0,0.0,0,0,0,0,0,0.0,0.0,0,0,0,0,0,0,0,0,0,0.0,0,0,0,0,0,0.0,0,0,0,0,0,0,0,0,0,0,0,0,0,0,0,0,0,0,0,0,0,0.0,0.0,0.0,1.952,0.0,0.0,1.952,u2,,data\patents\patents_google_com_patent_US11485676B2_en\processed\splitted\patents_google_com_patent_US11485676B2_en-table_6-1.csv
0.0,21.8,0.0,3.94,0.0,0.0,0.0,0.0,0.0,5.85,0,5.31,0.0,0.0,8.18,1.84,0.0,0,0,0.0,0,0.0,20.39,30.94,0,0,0.0,0.0,1.75,0,0,0,0,0,0.0,0.0,0,0,0,0,0,0,0,0,0,0.0,0,0,0,0,0,0.0,0,0,0,0,0,0,0,0,0,0,0,0,0,0,0,0,0,0,0,0,0,1.9922,1.9624,1.9734,1.991,0.0,0.0,-1.0,u2,,data\patents\patents_google_com_patent_US11485676B2_en\processed\splitted\patents_google_com_patent_US11485676B2_en-table_6-2.csv
44.84,0.0,3.08,11.96,0.03,0.0,0.0,0.0,0.0,0.0,0,14.94,0.0,0.0,0.0,0.0,0.31,0,0,1.98,0,7.53,7.16,8.15,0,0,0.0,0.0,0.0,0,0,0,0,0,0.01,0.0,0,0,0,0,0,0,0,0,0,0.0,0,0,0,0,0,0.0,0,0,0,0,0,0,0,0,0,0,0,0,0,0,0,0,0,0,0,0,0,0.0,0.0,0.0,0.0,0.0,1.824,1.824,u2,,data\patents\patents_google_com_patent_US20240025797A1_en\processed\splitted\patents_google_com_patent_US20240025797A1_en-table_5-4.csv
49.89,0.0,0.0,16.05,0.04,0.01,0.0,0.02,0.0,0.0,0,6.6,0.0,0.0,0.0,0.0,0.14,0,0,0.0,0,0.0,11.89,15.36,0,0,0.0,0.0,0.0,0,0,0,0,0,0.0,0.0,0,0,0,0,0,0,0,0,0,0.0,0,0,0,0,0,0.0,0,0,0,0,0,0,0,0,0,0,0,0,0,0,0,0,0,0,0,0,0,0.0,0.0,0.0,0.0,0.0,1.803,1.803,u2,,data\patents\patents_google_com_patent_US20240025797A1_en\processed\splitted\patents_google_com_patent_US20240025797A1_en-table_5-6.csv
49.84,0.0,4.99,2.92,0.04,0.01,15.24,0.25,0.78,0.0,0,7.9,0.0,0.0,0.0,0.0,0.01,0,0,0.0,0,0.0,2.99,14.95,0,0,0.0,0.0,0.0,0,0,0,0,0,0.0,0.0,0,0,0,0,0,0,0,0,0,0.0,0,0,0,0,0,0.0,0,0,0,0,0,0,0,0,0,0,0,0,0,0,0,0,0,0,0,0,0,0.0,0.0,0.0,0.0,0.0,1.813,1.813,u2,,data\patents\patents_google_com_patent_US20240025797A1_en\processed\splitted\patents_google_com_patent_US20240025797A1_en-table_5-8.csv
0.0,25.0,0.0,4.98,0.0,0.0,7.0,0.0,5.01,0.0,0,6.0,0.0,0.0,4.98,0.0281,0.0,0,0,0.0,0,0.0,15.01,32.01,0,0,0.0,0.0,0.0,0,0,0,0,0,0.0,0.0,0,0,0,0,0,0,0,0,0,0.0,0,0,0,0,0,0.0,0,0,0,0,0,0,0,0,0,0,0,0,0,0,0,0,0,0,0,0,0,0.0,0.0,0.0,1.955,0.0,0.0,1.955,dyn1,1.0,data\patents\patents_google_com_patent_US11485676B2_en\processed\splitted\patents_google_com_patent_US11485676B2_en-table_6-1.csv
0.0,20.1,0.0,0.0,0.0,0.0,0.0,0.0,0.0,10.4,0,0.0,9.6,0.0,8.31,0.0,0.0,0,0,0.0,0,0.0,7.59,15.3,0,0,9.0,0.0,14.5,0,0,0,0,0,0.0,0.0,0,0,0,0,0,0,0,0,0,5.2,0,0,0,0,0,0.0,0,0,0,0,0,0,0,0,0,0,0,0,0,0,0,0,0,0,0,0,0,0.0,0.0,0.0,2.003,0.0,0.0,2.003,dyn1,1.0,data\patents\patents_google_com_patent_US11485676B2_en\processed\splitted\patents_google_com_patent_US11485676B2_en-table_6-2.csv
49.95,0.0,4.99,5.3,0.04,0.01,0.84,0.03,12.85,0.0,0,7.99,0.0,0.0,0.0,0.0,0.01,0,0,0.0,0,0.0,3.0,14.99,0,0,0.0,0.0,0.0,0,0,0,0,0,0.0,0.0,0,0,0,0,0,0,0,0,0,0.0,0,0,0,0,0,0.0,0,0,0,0,0,0,0,0,0,0,0,0,0,0,0,0,0,0,0,0,0,0.0,0.0,1.7546,0.0,0.0,1.777,-1.0,dyn1,1.0,data\patents\patents_google_com_patent_US20240025797A1_en\processed\splitted\patents_google_com_patent_US20240025797A1_en-table_5-0.csv
49.89,0.0,4.99,5.19,0.04,0.01,10.6,0.18,3.15,0.0,0,7.98,0.0,0.0,0.0,0.0,0.01,0,0,0.0,0,0.0,3.0,14.96,0,0,0.0,0.0,0.0,0,0,0,0,0,0.0,0.0,0,0,0,0,0,0,0,0,0,0.0,0,0,0,0,0,0.0,0,0,0,0,0,0,0,0,0,0,0,0,0,0,0,0,0,0,0,0,0,0.0,0.0,1.735,0.0,0.0,1.802,-1.0,dyn1,1.0,data\patents\patents_google_com_patent_US20240025797A1_en\processed\splitted\patents_google_com_patent_US20240025797A1_en-table_5-1.csv
49.92,0.0,7.99,9.29,0.05,0.01,4.34,0.1,5.33,0.0,0,4.99,0.0,0.0,0.0,0.0,0.01,0,0,0.0,0,0.0,2.99,14.98,0,0,0.0,0.0,0.0,0,0,0,0,0,0.0,0.0,0,0,0,0,0,0,0,0,0,0.0,0,0,0,0,0,0.0,0,0,0,0,0,0,0,0,0,0,0,0,0,0,0,0,0,0,0,0,0,0.0,0.0,0.0,0.0,0.0,1.793,1.793,dyn1,1.0,data\patents\patents_google_com_patent_US20240025797A1_en\processed\splitted\patents_google_com_patent_US20240025797A1_en-table_5-10.csv
49.97,0.0,0.0,14.94,5.0,0.01,0.03,0.02,0.0,0.0,0,9.99,0.0,0.0,0.0,0.0,0.01,0,0,0.0,0,0.0,9.99,10.0,0,0,0.0,0.0,0.0,0,0,0,0,0,0.0,0.0,0,0,0,0,0,0,0,0,0,0.0,0,0,0,0,0,0.0,0,0,0,0,0,0,0,0,0,0,0,0,0,0,0,0,0,0,0,0,0,0.0,0.0,0.0,0.0,0.0,1.728,1.728,dyn1,1.0,data\patents\patents_google_com_patent_US20240025797A1_en\processed\splitted\patents_google_com_patent_US20240025797A1_en-table_5-6.csv
49.89,0.0,4.98,2.96,0.04,0.01,10.53,0.18,5.47,0.0,0,7.98,0.0,0.0,0.0,0.0,0.01,0,0,0.0,0,0.0,2.99,14.96,0,0,0.0,0.0,0.0,0,0,0,0,0,0.0,0.0,0,0,0,0,0,0,0,0,0,0.0,0,0,0,0,0,0.0,0,0,0,0,0,0,0,0,0,0,0,0,0,0,0,0,0,0,0,0,0,0.0,0.0,0.0,0.0,0.0,1.801,1.801,dyn1,1.0,data\patents\patents_google_com_patent_US20240025797A1_en\processed\splitted\patents_google_com_patent_US20240025797A1_en-table_5-8.csv
0.0,25.0,0.0,3.99,0.0,0.0,4.79,0.0,4.0,0.0,0,4.7,0.0,0.0,3.0,2.0,0.0,0,0,0.0,0,0.0,20.01,32.51,0,0,0.0,0.0,0.0,0,0,0,0,0,0.0,0.0,0,0,0,0,0,0,0,0,0,0.0,0,0,0,0,0,0.0,0,0,0,0,0,0,0,0,0,0,0,0,0,0,0,0,0,0,0,0,0,2.021,1.9913,2.0021,1.983,0.0,0.0,-1.0,dyn2,2.0,data\patents\patents_google_com_patent_US11485676B2_en\processed\splitted\patents_google_com_patent_US11485676B2_en-table_5-8.csv
49.9,0.0,4.14,12.4,0.02,0.0,0.0,0.0,0.0,0.0,0,8.46,0.0,0.0,0.0,0.0,0.17,0,0,0.0,0,0.0,9.08,15.82,0,0,0.0,0.0,0.0,0,0,0,0,0,0.0,0.0,0,0,0,0,0,0,0,0,0,0.0,0,0,0,0,0,0.0,0,0,0,0,0,0,0,0,0,0,0,0,0,0,0,0,0,0,0,0,0,0.0,0.0,0.0,0.0,0.0,1.821,1.821,dyn2,2.0,data\patents\patents_google_com_patent_US20240025797A1_en\processed\splitted\patents_google_com_patent_US20240025797A1_en-table_5-13.csv
