Nb2O5,P2O5,TiO2,CaO,K2O,BaO,Na2O,SiO2,ZnO,Li2O,SrO,ZrO2,WO3,MgO,B2O3,Al2O3,V2O5,Bi2O3,Ta2O5,Fe2O3,Sb2O3,GeO2,Cs2O,TeO2,La2O3,Y2O3,CeO2,Pn[for nd],nd,n632.8 nm,n531.9 nm,(nd− 1)/dRT,α120-300× 107,Predicted refractive Index,RI,IDS
46.09,23.93,4.49,7.19,0.11,3.05,14.47,0.0,0.0,0.0,0.0,0.0,0.0,0.62,0.0,0.0175,0.0,0.0,0.0444,0.0,0.0,0.0,0.0,0.0,0.0,0.0,0.0,2.018,0.0,0.0,0.0,0.0,0.0,0.0,0.0,data\patents\patents_google_com_patent_US11485676B2_en\processed\splitted\patents_google_com_patent_US11485676B2_en-table_5-0.csv
43.76,23.49,7.75,4.99,0.11,5.26,14.02,0.0,0.0,0.0,0.0,0.0,0.0,0.57,0.0,0.0173,0.0,0.0,0.0398,0.0,0.0,0.0,0.0,0.0,0.0,0.0,0.0,2.017,0.0,0.0,0.0,0.0,0.0,0.0,0.0,data\patents\patents_google_com_patent_US11485676B2_en\processed\splitted\patents_google_com_patent_US11485676B2_en-table_5-0.csv
46.45,24.04,4.32,4.84,3.7,2.93,10.85,0.0,0.0,0.0,0.0,0.0,0.0,2.81,0.0,0.0,0.0,0.0,0.0448,0.0,0.0,0.0,0.0,0.0,0.0,0.0,0.0,2.014,0.0,0.0,0.0,0.0,0.0,0.0,0.0,data\patents\patents_google_com_patent_US11485676B2_en\processed\splitted\patents_google_com_patent_US11485676B2_en-table_5-0.csv
41.52,23.06,10.89,2.88,0.0922,7.4,13.59,0.0,0.0,0.0,0.0,0.0,0.0,0.52,0.0,0.017,0.0,0.0,0.0393,0.0,0.0,0.0,0.0,0.0,0.0,0.0,0.0,2.016,0.0,0.0,0.0,0.0,0.0,0.0,0.0,data\patents\patents_google_com_patent_US11485676B2_en\processed\splitted\patents_google_com_patent_US11485676B2_en-table_5-0.csv
44.23,23.62,7.45,2.75,3.64,5.06,10.48,0.0,0.0,0.0,0.0,0.0,0.0,2.73,0.0,0.0,0.0,0.0,0.0402,0.0,0.0,0.0,0.0,0.0,0.0,0.0,0.0,2.014,0.0,0.0,0.0,0.0,0.0,0.0,0.0,data\patents\patents_google_com_patent_US11485676B2_en\processed\splitted\patents_google_com_patent_US11485676B2_en-table_5-0.csv
46.5,24.13,4.41,2.8,6.54,2.99,7.96,0.0,0.0,0.0,0.0,0.0,0.0,4.62,0.0,0.0,0.0,0.0,0.0409,0.0,0.0,0.0,0.0,0.0,0.0,0.0,0.0,2.011,0.0,0.0,0.0,0.0,0.0,0.0,0.0,data\patents\patents_google_com_patent_US11485676B2_en\processed\splitted\patents_google_com_patent_US11485676B2_en-table_5-0.csv
38.65,22.54,14.85,0.21,0.0906,10.09,13.06,0.0,0.0,0.0,0.0,0.0,0.0,0.47,0.0,0.0167,0.0,0.0,0.0348,0.0,0.0,0.0,0.0,0.0,0.0,0.0,0.0,2.014,0.0,0.0,0.0,0.0,0.0,0.0,0.0,data\patents\patents_google_com_patent_US11485676B2_en\processed\splitted\patents_google_com_patent_US11485676B2_en-table_5-0.csv
41.52,23.13,11.18,0.16,3.79,7.59,9.82,0.0,0.0,0.0,0.0,0.0,0.0,2.78,0.0,0.0,0.0,0.0,0.0396,0.0,0.0,0.0,0.0,0.0,0.0,0.0,0.0,2.012,0.0,0.0,0.0,0.0,0.0,0.0,0.0,data\patents\patents_google_com_patent_US11485676B2_en\processed\splitted\patents_google_com_patent_US11485676B2_en-table_5-0.csv
43.86,23.65,8.12,0.0953,6.86,5.52,7.13,0.0,0.0,0.0,0.0,0.0,0.0,4.73,0.0,0.0,0.0,0.0,0.0403,0.0,0.0,0.0,0.0,0.0,0.0,0.0,0.0,2.009,0.0,0.0,0.0,0.0,0.0,0.0,0.0,data\patents\patents_google_com_patent_US11485676B2_en\processed\splitted\patents_google_com_patent_US11485676B2_en-table_5-1.csv
46.39,24.22,4.82,0.0324,10.18,3.27,4.19,0.0,0.0,0.0,0.0,0.0,0.0,6.85,0.0,0.0,0.0,0.0,0.0411,0.0,0.0,0.0,0.0,0.0,0.0,0.0,0.0,2.006,0.0,0.0,0.0,0.0,0.0,0.0,0.0,data\patents\patents_google_com_patent_US11485676B2_en\processed\splitted\patents_google_com_patent_US11485676B2_en-table_5-1.csv
39.0,22.91,15.0,3.48,9.99,3.49,0.0,0.0,0.0,6.48,0.0,0.0,0.0,0.0,0.0,0.0,0.0,0.0,0.0378,0.0,0.0,0.0,0.0,0.0,0.0,0.0,0.0,2.008,0.0,0.0,0.0,0.0,0.0,0.0,0.0,data\patents\patents_google_com_patent_US11485676B2_en\processed\splitted\patents_google_com_patent_US11485676B2_en-table_5-1.csv
38.95,22.93,14.98,6.58,9.97,0.0,0.0,0.0,0.0,6.09,0.0,0.0,0.0,0.0,0.0,0.0,0.0,0.0,0.0369,0.0,0.0,0.0,0.0,0.0,0.0,0.0,0.0,2.006,0.0,0.0,0.0,0.0,0.0,0.0,0.0,data\patents\patents_google_com_patent_US11485676B2_en\processed\splitted\patents_google_com_patent_US11485676B2_en-table_5-1.csv
38.99,22.84,14.99,3.52,9.98,6.18,0.0,0.0,0.0,3.65,0.0,0.0,0.0,0.0,0.0,0.0,0.0,0.0,0.0346,0.0,0.0,0.0,0.0,0.0,0.0,0.0,0.0,2.011,0.0,0.0,0.0,0.0,0.0,0.0,0.0,data\patents\patents_google_com_patent_US11485676B2_en\processed\splitted\patents_google_com_patent_US11485676B2_en-table_5-1.csv
30.96,23.35,21.97,7.21,6.5,7.99,0.0,0.0,0.0,1.99,0.0,0.0,0.0,0.0,0.0,0.0,0.0,0.0,0.0283,0.0,0.0,0.0,0.0,0.0,0.0,0.0,0.0,1.987,0.0,0.0,0.0,0.0,0.0,0.0,0.0,data\patents\patents_google_com_patent_US11485676B2_en\processed\splitted\patents_google_com_patent_US11485676B2_en-table_5-10.csv
34.49,24.99,20.7,0.0,10.29,8.5,0.0,0.0,0.0,1.01,0.0,0.0,0.0,0.0,0.0,0.0,0.0,0.0,0.0302,0.0,0.0,0.0,0.0,0.0,0.0,0.0,0.0,1.994,0.0,0.0,0.0,0.0,0.0,0.0,0.0,data\patents\patents_google_com_patent_US11485676B2_en\processed\splitted\patents_google_com_patent_US11485676B2_en-table_5-10.csv
26.28,24.02,22.44,22.28,4.96,0.0,0.0,0.0,0.0,0.0,0.0,0.0,0.0,0.0,0.0,0.0,0.0,0.0,0.0252,0.0,0.0,0.0,0.0,0.0,0.0,0.0,0.0,1.954,0.0,0.0,0.0,0.0,0.0,0.0,0.0,data\patents\patents_google_com_patent_US11485676B2_en\processed\splitted\patents_google_com_patent_US11485676B2_en-table_5-10.csv
26.39,24.02,24.6,20.01,4.96,0.0,0.0,0.0,0.0,0.0,0.0,0.0,0.0,0.0,0.0,0.0,0.0,0.0,0.0253,0.0,0.0,0.0,0.0,0.0,0.0,0.0,0.0,1.964,0.0,0.0,0.0,0.0,0.0,0.0,0.0,data\patents\patents_google_com_patent_US11485676B2_en\processed\splitted\patents_google_com_patent_US11485676B2_en-table_5-10.csv
24.0,24.02,27.0,20.0,4.96,0.0,0.0,0.0,0.0,0.0,0.0,0.0,0.0,0.0,0.0,0.0,0.0,0.0,0.0215,0.0,0.0,0.0,0.0,0.0,0.0,0.0,0.0,1.956,0.0,0.0,0.0,0.0,0.0,0.0,0.0,data\patents\patents_google_com_patent_US11485676B2_en\processed\splitted\patents_google_com_patent_US11485676B2_en-table_5-10.csv
28.0,23.99,21.99,14.59,6.06,5.35,0.0,0.0,0.0,0.0,0.0,0.0,0.0,0.0,0.0,0.0,0.0,0.0,0.0268,0.0,0.0,0.0,0.0,0.0,0.0,0.0,0.0,1.964,0.0,0.0,0.0,0.0,0.0,0.0,0.0,data\patents\patents_google_com_patent_US11485676B2_en\processed\splitted\patents_google_com_patent_US11485676B2_en-table_5-10.csv
27.99,23.99,21.99,16.07,6.91,3.02,0.0,0.0,0.0,0.0,0.0,0.0,0.0,0.0,0.0,0.0,0.0,0.0,0.0265,0.0,0.0,0.0,0.0,0.0,0.0,0.0,0.0,1.961,1.9448,1.9388,1.9545,0.0,0.0,0.0,0.0,data\patents\patents_google_com_patent_US11485676B2_en\processed\splitted\patents_google_com_patent_US11485676B2_en-table_5-11.csv
32.0,23.99,18.0,13.1,5.19,7.7,0.0,0.0,0.0,0.0,0.0,0.0,0.0,0.0,0.0,0.0,0.0,0.0,0.0285,0.0,0.0,0.0,0.0,0.0,0.0,0.0,0.0,1.981,1.9572,1.948,1.9725,0.0,0.0,0.0,0.0,data\patents\patents_google_com_patent_US11485676B2_en\processed\splitted\patents_google_com_patent_US11485676B2_en-table_5-11.csv
32.0,23.99,17.99,14.63,6.06,5.3,0.0,0.0,0.0,0.0,0.0,0.0,0.0,0.0,0.0,0.0,0.0,0.0,0.0282,0.0,0.0,0.0,0.0,0.0,0.0,0.0,0.0,1.978,0.0,0.0,0.0,0.0,0.0,0.0,0.0,data\patents\patents_google_com_patent_US11485676B2_en\processed\splitted\patents_google_com_patent_US11485676B2_en-table_5-11.csv
28.01,23.89,21.99,16.01,3.96,6.12,0.0,0.0,0.0,0.0,0.0,0.0,0.0,0.0,0.0,0.0,0.0,0.0,0.0268,0.0,0.0,0.0,0.0,0.0,0.0,0.0,0.0,1.97,0.0,0.0,0.0,0.0,0.0,0.0,0.0,data\patents\patents_google_com_patent_US11485676B2_en\processed\splitted\patents_google_com_patent_US11485676B2_en-table_5-11.csv
27.43,23.89,22.58,14.84,5.12,6.11,0.0,0.0,0.0,0.0,0.0,0.0,0.0,0.0,0.0,0.0,0.0,0.0,0.0267,0.0,0.0,0.0,0.0,0.0,0.0,0.0,0.0,1.965,1.9751,1.974,1.9766,0.26176,0.0,0.0,0.0,data\patents\patents_google_com_patent_US11485676B2_en\processed\splitted\patents_google_com_patent_US11485676B2_en-table_5-11.csv
29.12,23.88,20.89,14.91,5.07,6.11,0.0,0.0,0.0,0.0,0.0,0.0,0.0,0.0,0.0,0.0,0.0,0.0,0.0273,0.0,0.0,0.0,0.0,0.0,0.0,0.0,0.0,1.971,0.0,0.0,0.0,0.0,0.0,0.0,0.0,data\patents\patents_google_com_patent_US11485676B2_en\processed\splitted\patents_google_com_patent_US11485676B2_en-table_5-11.csv
29.98,23.9,20.03,14.04,5.91,6.11,0.0,0.0,0.0,0.0,0.0,0.0,0.0,0.0,0.0,0.0,0.0,0.0,0.0276,0.0,0.0,0.0,0.0,0.0,0.0,0.0,0.0,1.972,1.9853,1.974,2.0044,0.26246,0.0,0.0,0.0,data\patents\patents_google_com_patent_US11485676B2_en\processed\splitted\patents_google_com_patent_US11485676B2_en-table_5-11.csv
27.63,23.91,22.38,12.01,7.94,6.11,0.0,0.0,0.0,0.0,0.0,0.0,0.0,0.0,0.0,0.0,0.0,0.0,0.027,0.0,0.0,0.0,0.0,0.0,0.0,0.0,0.0,1.958,1.9707,1.96,1.9887,0.26277,0.0,0.0,0.0,data\patents\patents_google_com_patent_US11485676B2_en\processed\splitted\patents_google_com_patent_US11485676B2_en-table_5-11.csv
31.47,23.5,20.0,7.5,5.0,12.5,0.0,0.0,0.0,0.0,0.0,0.0,0.0,0.0,0.0,0.0,0.0,0.0,0.0292,0.0,0.0,0.0,0.0,0.0,0.0,0.0,0.0,1.989,0.0,0.0,0.0,0.0,0.0,0.0,0.0,data\patents\patents_google_com_patent_US11485676B2_en\processed\splitted\patents_google_com_patent_US11485676B2_en-table_5-12.csv
30.77,23.26,21.42,7.26,5.0,12.26,0.0,0.0,0.0,0.0,0.0,0.0,0.0,0.0,0.0,0.0,0.0,0.0,0.0289,0.0,0.0,0.0,0.0,0.0,0.0,0.0,0.0,1.99,0.0,0.0,0.0,0.0,0.0,0.0,0.0,data\patents\patents_google_com_patent_US11485676B2_en\processed\splitted\patents_google_com_patent_US11485676B2_en-table_5-12.csv
31.38,23.26,20.81,7.25,5.0,12.27,0.0,0.0,0.0,0.0,0.0,0.0,0.0,0.0,0.0,0.0,0.0,0.0,0.0291,0.0,0.0,0.0,0.0,0.0,0.0,0.0,0.0,1.992,0.0,0.0,0.0,0.0,0.0,0.0,0.0,data\patents\patents_google_com_patent_US11485676B2_en\processed\splitted\patents_google_com_patent_US11485676B2_en-table_5-12.csv
32.12,23.28,20.0,7.29,4.99,12.29,0.0,0.0,0.0,0.0,0.0,0.0,0.0,0.0,0.0,0.0,0.0,0.0,0.0294,0.0,0.0,0.0,0.0,0.0,0.0,0.0,0.0,1.995,0.0,0.0,0.0,0.0,0.0,0.0,0.0,data\patents\patents_google_com_patent_US11485676B2_en\processed\splitted\patents_google_com_patent_US11485676B2_en-table_5-12.csv
30.82,22.94,22.17,7.02,4.99,12.03,0.0,0.0,0.0,0.0,0.0,0.0,0.0,0.0,0.0,0.0,0.0,0.0,0.0289,0.0,0.0,0.0,0.0,0.0,0.0,0.0,0.0,1.995,0.0,0.0,0.0,0.0,0.0,0.0,0.0,data\patents\patents_google_com_patent_US11485676B2_en\processed\splitted\patents_google_com_patent_US11485676B2_en-table_5-12.csv
31.45,22.94,21.53,7.02,5.0,12.03,0.0,0.0,0.0,0.0,0.0,0.0,0.0,0.0,0.0,0.0,0.0,0.0,0.0291,0.0,0.0,0.0,0.0,0.0,0.0,0.0,0.0,1.997,0.0,0.0,0.0,0.0,0.0,0.0,0.0,data\patents\patents_google_com_patent_US11485676B2_en\processed\splitted\patents_google_com_patent_US11485676B2_en-table_5-12.csv
31.99,23.97,18.98,9.02,4.02,8.0,2.14,0.0,0.0,3.71,0.0,0.0,0.0,0.0,0.0,0.0,0.0,0.0,0.0284,0.0,0.0,0.0,0.0,0.0,0.0,0.0,0.0,1.985,0.0,0.0,0.0,0.0,0.0,0.0,0.0,data\patents\patents_google_com_patent_US11485676B2_en\processed\splitted\patents_google_com_patent_US11485676B2_en-table_5-12.csv
31.98,23.91,18.97,9.1,2.14,8.0,3.76,0.0,0.0,2.1,0.0,0.0,0.0,0.0,0.0,0.0,0.0,0.0,0.0284,0.0,0.0,0.0,0.0,0.0,0.0,0.0,0.0,1.984,0.0,0.0,0.0,0.0,0.0,0.0,0.0,data\patents\patents_google_com_patent_US11485676B2_en\processed\splitted\patents_google_com_patent_US11485676B2_en-table_5-13.csv
31.0,23.98,16.4,9.01,8.0,8.01,0.0,0.0,0.0,0.0,0.0,0.0,0.0,0.0,0.0,0.0,0.0,3.58,0.0271,0.0,0.0,0.0,0.0,0.0,0.0,0.0,0.0,1.991,0.0,0.0,0.0,0.0,0.0,0.0,0.0,data\patents\patents_google_com_patent_US11485676B2_en\processed\splitted\patents_google_com_patent_US11485676B2_en-table_5-13.csv
31.49,23.5,19.98,7.5,5.0,12.5,0.0,0.0,0.0,0.0,0.0,0.0,0.0,0.0,0.0,0.0,0.0,0.0,0.0292,0.0,0.0,0.0,0.0,0.0,0.0,0.0,0.0,1.989,0.0,0.0,0.0,0.0,0.0,0.0,0.0,data\patents\patents_google_com_patent_US11485676B2_en\processed\splitted\patents_google_com_patent_US11485676B2_en-table_5-13.csv
30.79,23.25,21.41,7.26,5.0,12.27,0.0,0.0,0.0,0.0,0.0,0.0,0.0,0.0,0.0,0.0,0.0,0.0,0.0289,0.0,0.0,0.0,0.0,0.0,0.0,0.0,0.0,1.99,0.0,0.0,0.0,0.0,0.0,0.0,0.0,data\patents\patents_google_com_patent_US11485676B2_en\processed\splitted\patents_google_com_patent_US11485676B2_en-table_5-13.csv
31.4,23.26,20.79,7.25,5.0,12.27,0.0,0.0,0.0,0.0,0.0,0.0,0.0,0.0,0.0,0.0,0.0,0.0,0.0291,0.0,0.0,0.0,0.0,0.0,0.0,0.0,0.0,1.992,0.0,0.0,0.0,0.0,0.0,0.0,0.0,data\patents\patents_google_com_patent_US11485676B2_en\processed\splitted\patents_google_com_patent_US11485676B2_en-table_5-13.csv
32.14,23.27,20.0,7.29,4.99,12.28,0.0,0.0,0.0,0.0,0.0,0.0,0.0,0.0,0.0,0.0,0.0,0.0,0.0294,0.0,0.0,0.0,0.0,0.0,0.0,0.0,0.0,1.995,0.0,0.0,0.0,0.0,0.0,0.0,0.0,data\patents\patents_google_com_patent_US11485676B2_en\processed\splitted\patents_google_com_patent_US11485676B2_en-table_5-13.csv
31.51,23.34,20.99,2.21,6.93,13.95,0.0,0.0,0.0,1.04,0.0,0.0,0.0,0.0,0.0,0.0,0.0,0.0,0.0296,0.0,0.0,0.0,0.0,0.0,0.0,0.0,0.0,1.988,0.0,0.0,0.0,0.0,0.0,0.0,0.0,data\patents\patents_google_com_patent_US11485676B2_en\processed\splitted\patents_google_com_patent_US11485676B2_en-table_5-13.csv
31.5,23.33,21.0,2.21,6.13,13.96,0.0,0.0,0.0,1.85,0.0,0.0,0.0,0.0,0.0,0.0,0.0,0.0,0.0295,0.0,0.0,0.0,0.0,0.0,0.0,0.0,0.0,1.99,0.0,0.0,0.0,0.0,0.0,0.0,0.0,data\patents\patents_google_com_patent_US11485676B2_en\processed\splitted\patents_google_com_patent_US11485676B2_en-table_5-13.csv
31.49,23.35,20.99,3.86,6.95,12.3,0.0,0.0,0.0,1.03,0.0,0.0,0.0,0.0,0.0,0.0,0.0,0.0,0.0293,0.0,0.0,0.0,0.0,0.0,0.0,0.0,0.0,1.988,0.0,0.0,0.0,0.0,0.0,0.0,0.0,data\patents\patents_google_com_patent_US11485676B2_en\processed\splitted\patents_google_com_patent_US11485676B2_en-table_5-14.csv
31.47,23.35,20.97,5.89,8.0,10.3,0.0,0.0,0.0,0.0,0.0,0.0,0.0,0.0,0.0,0.0,0.0,0.0,0.029,0.0,0.0,0.0,0.0,0.0,0.0,0.0,0.0,1.985,0.0,0.0,0.0,0.0,0.0,0.0,0.0,data\patents\patents_google_com_patent_US11485676B2_en\processed\splitted\patents_google_com_patent_US11485676B2_en-table_5-14.csv
31.5,23.33,20.99,2.37,5.16,13.81,0.0,0.0,0.0,2.82,0.0,0.0,0.0,0.0,0.0,0.0,0.0,0.0,0.0293,0.0,0.0,0.0,0.0,0.0,0.0,0.0,0.0,1.991,0.0,0.0,0.0,0.0,0.0,0.0,0.0,data\patents\patents_google_com_patent_US11485676B2_en\processed\splitted\patents_google_com_patent_US11485676B2_en-table_5-14.csv
31.47,23.33,20.98,4.13,6.02,12.04,0.0,0.0,0.0,1.99,0.0,0.0,0.0,0.0,0.0,0.0,0.0,0.0,0.0291,0.0,0.0,0.0,0.0,0.0,0.0,0.0,0.0,1.989,0.0,0.0,0.0,0.0,0.0,0.0,0.0,data\patents\patents_google_com_patent_US11485676B2_en\processed\splitted\patents_google_com_patent_US11485676B2_en-table_5-14.csv
31.47,23.35,20.98,5.86,6.88,10.31,0.0,0.0,0.0,1.12,0.0,0.0,0.0,0.0,0.0,0.0,0.0,0.0,0.0289,0.0,0.0,0.0,0.0,0.0,0.0,0.0,0.0,1.987,0.0,0.0,0.0,0.0,0.0,0.0,0.0,data\patents\patents_google_com_patent_US11485676B2_en\processed\splitted\patents_google_com_patent_US11485676B2_en-table_5-14.csv
31.46,23.38,20.96,8.15,7.99,8.04,0.0,0.0,0.0,0.0,0.0,0.0,0.0,0.0,0.0,0.0,0.0,0.0,0.0286,0.0,0.0,0.0,0.0,0.0,0.0,0.0,0.0,1.984,0.0,0.0,0.0,0.0,0.0,0.0,0.0,data\patents\patents_google_com_patent_US11485676B2_en\processed\splitted\patents_google_com_patent_US11485676B2_en-table_5-14.csv
33.97,23.98,16.98,2.25,6.15,14.78,0.0,0.0,0.0,1.86,0.0,0.0,0.0,0.0,0.0,0.0,0.0,0.0,0.0305,0.0,0.0,0.0,0.0,0.0,0.0,0.0,0.0,1.989,0.0,0.0,0.0,0.0,0.0,0.0,0.0,data\patents\patents_google_com_patent_US11485676B2_en\processed\splitted\patents_google_com_patent_US11485676B2_en-table_5-14.csv
33.97,23.96,16.98,3.91,6.94,13.14,0.0,0.0,0.0,1.06,0.0,0.0,0.0,0.0,0.0,0.0,0.0,0.0,0.0303,0.0,0.0,0.0,0.0,0.0,0.0,0.0,0.0,1.988,0.0,0.0,0.0,0.0,0.0,0.0,0.0,data\patents\patents_google_com_patent_US11485676B2_en\processed\splitted\patents_google_com_patent_US11485676B2_en-table_5-14.csv
33.98,23.98,17.0,2.39,5.18,14.64,0.0,0.0,0.0,2.8,0.0,0.0,0.0,0.0,0.0,0.0,0.0,0.0,0.0303,0.0,0.0,0.0,0.0,0.0,0.0,0.0,0.0,1.991,0.0,0.0,0.0,0.0,0.0,0.0,0.0,data\patents\patents_google_com_patent_US11485676B2_en\processed\splitted\patents_google_com_patent_US11485676B2_en-table_5-15.csv
33.97,23.96,16.98,4.18,6.04,12.89,0.0,0.0,0.0,1.95,0.0,0.0,0.0,0.0,0.0,0.0,0.0,0.0,0.0301,0.0,0.0,0.0,0.0,0.0,0.0,0.0,0.0,1.989,0.0,0.0,0.0,0.0,0.0,0.0,0.0,data\patents\patents_google_com_patent_US11485676B2_en\processed\splitted\patents_google_com_patent_US11485676B2_en-table_5-15.csv
33.96,23.95,16.98,5.89,6.9,11.19,0.0,0.0,0.0,1.11,0.0,0.0,0.0,0.0,0.0,0.0,0.0,0.0,0.0299,0.0,0.0,0.0,0.0,0.0,0.0,0.0,0.0,1.987,0.0,0.0,0.0,0.0,0.0,0.0,0.0,data\patents\patents_google_com_patent_US11485676B2_en\processed\splitted\patents_google_com_patent_US11485676B2_en-table_5-15.csv
33.95,23.93,16.98,8.15,7.98,8.98,0.0,0.0,0.0,0.0,0.0,0.0,0.0,0.0,0.0,0.0,0.0,0.0,0.0297,0.0,0.0,0.0,0.0,0.0,0.0,0.0,0.0,1.985,0.0,0.0,0.0,0.0,0.0,0.0,0.0,data\patents\patents_google_com_patent_US11485676B2_en\processed\splitted\patents_google_com_patent_US11485676B2_en-table_5-15.csv
31.96,22.79,20.96,8.24,5.5,9.51,0.0,0.0,0.0,1.01,0.0,0.0,0.0,0.0,0.0,0.0,0.0,0.0,0.0288,0.0,0.0,0.0,0.0,0.0,0.0,0.0,0.0,1.997,0.0,0.0,0.0,0.0,0.0,0.0,0.0,data\patents\patents_google_com_patent_US11485676B2_en\processed\splitted\patents_google_com_patent_US11485676B2_en-table_5-15.csv
38.96,22.86,14.99,6.18,9.97,3.53,0.0,0.0,0.0,3.47,0.0,0.0,0.0,0.0,0.0,0.0,0.0,0.0,0.0341,0.0,0.0,0.0,0.0,0.0,0.0,0.0,0.0,2.01,0.0,0.0,0.0,0.0,0.0,0.0,0.0,data\patents\patents_google_com_patent_US11485676B2_en\processed\splitted\patents_google_com_patent_US11485676B2_en-table_5-2.csv
38.9,22.89,14.95,9.53,9.97,0.0,0.0,0.0,0.0,3.73,0.0,0.0,0.0,0.0,0.0,0.0,0.0,0.0,0.0371,0.0,0.0,0.0,0.0,0.0,0.0,0.0,0.0,2.009,0.0,0.0,0.0,0.0,0.0,0.0,0.0,data\patents\patents_google_com_patent_US11485676B2_en\processed\splitted\patents_google_com_patent_US11485676B2_en-table_5-2.csv
39.01,22.78,15.0,0.0,9.93,13.24,0.0,0.0,0.0,0.0,0.0,0.0,0.0,0.0,0.0,0.0,0.0,0.0,0.0362,0.0,0.0,0.0,0.0,0.0,0.0,0.0,0.0,2.016,0.0,0.0,0.0,0.0,0.0,0.0,0.0,data\patents\patents_google_com_patent_US11485676B2_en\processed\splitted\patents_google_com_patent_US11485676B2_en-table_5-2.csv
38.95,22.8,14.97,3.79,9.93,9.53,0.0,0.0,0.0,0.0,0.0,0.0,0.0,0.0,0.0,0.0,0.0,0.0,0.0355,0.0,0.0,0.0,0.0,0.0,0.0,0.0,0.0,2.015,0.0,0.0,0.0,0.0,0.0,0.0,0.0,data\patents\patents_google_com_patent_US11485676B2_en\processed\splitted\patents_google_com_patent_US11485676B2_en-table_5-2.csv
38.9,22.81,14.96,6.69,9.91,6.69,0.0,0.0,0.0,0.0,0.0,0.0,0.0,0.0,0.0,0.0,0.0,0.0,0.0349,0.0,0.0,0.0,0.0,0.0,0.0,0.0,0.0,2.014,0.0,0.0,0.0,0.0,0.0,0.0,0.0,data\patents\patents_google_com_patent_US11485676B2_en\processed\splitted\patents_google_com_patent_US11485676B2_en-table_5-2.csv
38.87,22.84,14.95,9.58,9.9,3.82,0.0,0.0,0.0,0.0,0.0,0.0,0.0,0.0,0.0,0.0,0.0,0.0,0.0343,0.0,0.0,0.0,0.0,0.0,0.0,0.0,0.0,2.013,0.0,0.0,0.0,0.0,0.0,0.0,0.0,data\patents\patents_google_com_patent_US11485676B2_en\processed\splitted\patents_google_com_patent_US11485676B2_en-table_5-2.csv
38.83,22.86,14.92,13.47,9.89,0.0,0.0,0.0,0.0,0.0,0.0,0.0,0.0,0.0,0.0,0.0,0.0,0.0,0.0373,0.0,0.0,0.0,0.0,0.0,0.0,0.0,0.0,2.011,0.0,0.0,0.0,0.0,0.0,0.0,0.0,data\patents\patents_google_com_patent_US11485676B2_en\processed\splitted\patents_google_com_patent_US11485676B2_en-table_5-2.csv
36.99,20.61,14.96,3.05,8.94,4.28,3.92,0.0,3.66,3.54,0.0157,0.0,0.0,0.0,0.0,0.0,0.0,0.0,0.0332,0.0,0.0,0.0,0.0,0.0,0.0,0.0,0.0,2.0,0.0,0.0,0.0,0.0,0.0,0.0,0.0,data\patents\patents_google_com_patent_US11485676B2_en\processed\splitted\patents_google_com_patent_US11485676B2_en-table_5-3.csv
35.87,21.3,14.94,5.6,4.98,5.45,3.85,0.0,3.6,3.56,0.82,0.0,0.0,0.0,0.0,0.0,0.0,0.0,0.0328,0.0,0.0,0.0,0.0,0.0,0.0,0.0,0.0,2.0,0.0,0.0,0.0,0.0,0.0,0.0,0.0,data\patents\patents_google_com_patent_US11485676B2_en\processed\splitted\patents_google_com_patent_US11485676B2_en-table_5-3.csv
37.84,20.42,14.97,2.19,12.09,4.49,2.81,0.0,2.63,2.5,0.032,0.0,0.0,0.0,0.0,0.0,0.0,0.0,0.0338,0.0,0.0,0.0,0.0,0.0,0.0,0.0,0.0,2.002,0.0,0.0,0.0,0.0,0.0,0.0,0.0,data\patents\patents_google_com_patent_US11485676B2_en\processed\splitted\patents_google_com_patent_US11485676B2_en-table_5-3.csv
36.93,21.1,14.97,4.52,8.71,5.64,2.58,0.0,2.41,2.32,0.79,0.0,0.0,0.0,0.0,0.0,0.0,0.0,0.0335,0.0,0.0,0.0,0.0,0.0,0.0,0.0,0.0,2.002,0.0,0.0,0.0,0.0,0.0,0.0,0.0,data\patents\patents_google_com_patent_US11485676B2_en\processed\splitted\patents_google_com_patent_US11485676B2_en-table_5-3.csv
35.89,21.71,14.96,6.74,4.98,6.54,2.71,0.0,2.54,2.45,1.46,0.0,0.0,0.0,0.0,0.0,0.0,0.0,0.0332,0.0,0.0,0.0,0.0,0.0,0.0,0.0,0.0,2.002,0.0,0.0,0.0,0.0,0.0,0.0,0.0,data\patents\patents_google_com_patent_US11485676B2_en\processed\splitted\patents_google_com_patent_US11485676B2_en-table_5-3.csv
38.78,20.27,14.99,1.27,15.4,4.71,1.64,0.0,1.52,1.36,0.0326,0.0,0.0,0.0,0.0,0.0,0.0,0.0,0.0344,0.0,0.0,0.0,0.0,0.0,0.0,0.0,0.0,2.004,0.0,0.0,0.0,0.0,0.0,0.0,0.0,data\patents\patents_google_com_patent_US11485676B2_en\processed\splitted\patents_google_com_patent_US11485676B2_en-table_5-3.csv
37.74,20.97,14.98,3.74,11.67,5.86,1.51,0.0,1.4,1.29,0.81,0.0,0.0,0.0,0.0,0.0,0.0,0.0,0.0341,0.0,0.0,0.0,0.0,0.0,0.0,0.0,0.0,2.004,0.0,0.0,0.0,0.0,0.0,0.0,0.0,data\patents\patents_google_com_patent_US11485676B2_en\processed\splitted\patents_google_com_patent_US11485676B2_en-table_5-3.csv
36.94,21.49,14.97,5.58,8.74,6.69,1.48,0.0,1.39,1.28,1.41,0.0,0.0,0.0,0.0,0.0,0.0,0.0,0.0339,0.0,0.0,0.0,0.0,0.0,0.0,0.0,0.0,2.004,0.0,0.0,0.0,0.0,0.0,0.0,0.0,data\patents\patents_google_com_patent_US11485676B2_en\processed\splitted\patents_google_com_patent_US11485676B2_en-table_5-3.csv
35.9,22.11,14.95,7.86,4.98,7.66,1.57,0.0,1.46,1.38,2.11,0.0,0.0,0.0,0.0,0.0,0.0,0.0,0.0335,0.0,0.0,0.0,0.0,0.0,0.0,0.0,0.0,2.003,0.0,0.0,0.0,0.0,0.0,0.0,0.0,data\patents\patents_google_com_patent_US11485676B2_en\processed\splitted\patents_google_com_patent_US11485676B2_en-table_5-4.csv
39.97,20.1,14.99,0.0,19.85,5.0,0.028,0.0,0.0,0.0,0.0335,0.0,0.0,0.0,0.0,0.0,0.0,0.0,0.0353,0.0,0.0,0.0,0.0,0.0,0.0,0.0,0.0,2.006,0.0,0.0,0.0,0.0,0.0,0.0,0.0,data\patents\patents_google_com_patent_US11485676B2_en\processed\splitted\patents_google_com_patent_US11485676B2_en-table_5-4.csv
38.76,20.87,14.97,2.81,15.39,6.24,0.0277,0.0,0.0,0.0,0.89,0.0,0.0,0.0,0.0,0.0,0.0,0.0,0.0349,0.0,0.0,0.0,0.0,0.0,0.0,0.0,0.0,2.006,0.0,0.0,0.0,0.0,0.0,0.0,0.0,data\patents\patents_google_com_patent_US11485676B2_en\processed\splitted\patents_google_com_patent_US11485676B2_en-table_5-4.csv
37.86,21.44,14.97,4.85,12.14,7.15,0.0274,0.0,0.0,0.0,1.54,0.0,0.0,0.0,0.0,0.0,0.0,0.0,0.0346,0.0,0.0,0.0,0.0,0.0,0.0,0.0,0.0,2.006,0.0,0.0,0.0,0.0,0.0,0.0,0.0,data\patents\patents_google_com_patent_US11485676B2_en\processed\splitted\patents_google_com_patent_US11485676B2_en-table_5-4.csv
37.02,21.98,14.96,6.82,8.98,8.03,0.0,0.0,0.0,0.0,2.18,0.0,0.0,0.0,0.0,0.0,0.0,0.0,0.0343,0.0,0.0,0.0,0.0,0.0,0.0,0.0,0.0,2.006,0.0,0.0,0.0,0.0,0.0,0.0,0.0,data\patents\patents_google_com_patent_US11485676B2_en\processed\splitted\patents_google_com_patent_US11485676B2_en-table_5-4.csv
35.89,22.67,14.94,9.37,4.96,9.16,0.0,0.0,0.0,0.0,2.99,0.0,0.0,0.0,0.0,0.0,0.0,0.0,0.034,0.0,0.0,0.0,0.0,0.0,0.0,0.0,0.0,2.006,0.0,0.0,0.0,0.0,0.0,0.0,0.0,data\patents\patents_google_com_patent_US11485676B2_en\processed\splitted\patents_google_com_patent_US11485676B2_en-table_5-4.csv
39.0,24.99,10.01,6.01,5.0,5.0,4.98,0.0,0.0,4.99,0.0,0.0,0.0,0.0,0.0,0.0,0.0,0.0,0.0341,0.0,0.0,0.0,0.0,0.0,0.0,0.0,0.0,1.984,0.0,0.0,0.0,0.0,0.0,0.0,0.0,data\patents\patents_google_com_patent_US11485676B2_en\processed\splitted\patents_google_com_patent_US11485676B2_en-table_5-4.csv
26.07,24.09,20.05,24.84,4.93,0.0,0.0,0.0,0.0,0.0,0.0,0.0,0.0,0.0,0.0,0.0,0.0,0.0,0.025,0.0,0.0,0.0,0.0,0.0,0.0,0.0,0.0,1.942,1.9505,1.9405,1.9676,0.0,0.0,0.0,0.0,data\patents\patents_google_com_patent_US11485676B2_en\processed\splitted\patents_google_com_patent_US11485676B2_en-table_5-4.csv
27.99,24.99,22.0,19.98,5.0,0.0,0.0232,0.0,0.0,0.0,0.0,0.0,0.0,0.0,0.0,0.0,0.0,0.0,0.026,0.0,0.0,0.0,0.0,0.0,0.0,0.0,0.0,1.962,1.9623,1.951,1.9819,0.0,0.0,0.0,0.0,data\patents\patents_google_com_patent_US11485676B2_en\processed\splitted\patents_google_com_patent_US11485676B2_en-table_5-5.csv
35.03,23.04,18.02,18.9,4.96,0.0,0.0251,0.0,0.0,0.0,0.0,0.0,0.0,0.0,0.0,0.0,0.0,0.0,0.0317,0.0,0.0,0.0,0.0,0.0,0.0,0.0,0.0,2.007,0.0,0.0,0.0,0.0,0.0,0.0,0.0,data\patents\patents_google_com_patent_US11485676B2_en\processed\splitted\patents_google_com_patent_US11485676B2_en-table_5-5.csv
27.98,24.99,22.0,17.49,7.5,0.0,0.0233,0.0,0.0,0.0,0.0,0.0,0.0,0.0,0.0,0.0,0.0,0.0,0.0261,0.0,0.0,0.0,0.0,0.0,0.0,0.0,0.0,1.955,0.0,0.0,0.0,0.0,0.0,0.0,0.0,data\patents\patents_google_com_patent_US11485676B2_en\processed\splitted\patents_google_com_patent_US11485676B2_en-table_5-5.csv
26.06,25.1,20.06,18.8,9.93,0.0,0.0227,0.0,0.0,0.0,0.0,0.0,0.0,0.0,0.0,0.0,0.0,0.0,0.0255,0.0,0.0,0.0,0.0,0.0,0.0,0.0,0.0,1.925,1.9303,1.921,1.9472,0.0,0.0,0.0,0.0,data\patents\patents_google_com_patent_US11485676B2_en\processed\splitted\patents_google_com_patent_US11485676B2_en-table_5-5.csv
35.69,23.49,16.3,6.09,5.1,5.1,4.08,0.0,0.0,4.49,0.0,0.0,0.0,0.0,0.0,0.0,0.0,0.0,0.0328,0.0,0.0,0.0,0.0,0.0,0.0,0.0,0.0,1.993,1.9996,1.9888,2.0179,0.0,0.0,0.0,0.0,data\patents\patents_google_com_patent_US11485676B2_en\processed\splitted\patents_google_com_patent_US11485676B2_en-table_5-5.csv
40.79,23.49,11.2,6.09,6.2,5.1,7.09,0.0,0.0,0.0,0.0,0.0,0.0,0.0,0.0,0.0,0.0,0.0,0.039,0.0,0.0,0.0,0.0,0.0,0.0,0.0,0.0,2.006,2.0006,1.9895,2.0192,0.0,0.0,0.0,0.0,data\patents\patents_google_com_patent_US11485676B2_en\processed\splitted\patents_google_com_patent_US11485676B2_en-table_5-5.csv
39.0,24.99,10.0,7.0,7.0,6.0,5.98,0.0,0.0,0.0,0.0,0.0,0.0,0.0,0.0,0.0,0.0,0.0,0.0348,0.0,0.0,0.0,0.0,0.0,0.0,0.0,0.0,1.981,1.976,1.9659,1.993,0.25557,0.0,0.0,0.0,data\patents\patents_google_com_patent_US11485676B2_en\processed\splitted\patents_google_com_patent_US11485676B2_en-table_5-6.csv
38.99,24.99,10.01,8.0,6.0,7.0,4.97,0.0,0.0,0.0,0.0,0.0,0.0,0.0,0.0,0.0,0.0,0.0,0.0349,0.0,0.0,0.0,0.0,0.0,0.0,0.0,0.0,1.986,1.9806,1.9703,1.998,0.25484,0.0,0.0,0.0,data\patents\patents_google_com_patent_US11485676B2_en\processed\splitted\patents_google_com_patent_US11485676B2_en-table_5-6.csv
28.0,24.52,22.02,20.44,4.98,0.0,0.0231,0.0,0.0,0.0,0.0,0.0,0.0,0.0,0.0,0.0,0.0,0.0,0.0259,0.0,0.0,0.0,0.0,0.0,0.0,0.0,0.0,1.964,0.0,0.0,0.0,0.0,0.0,0.0,0.0,data\patents\patents_google_com_patent_US11485676B2_en\processed\splitted\patents_google_com_patent_US11485676B2_en-table_5-6.csv
27.24,24.48,25.24,15.5,7.49,0.0,0.0231,0.0,0.0,0.0,0.0,0.0,0.0,0.0,0.0,0.0,0.0,0.0,0.0259,0.0,0.0,0.0,0.0,0.0,0.0,0.0,0.0,1.965,0.0,0.0,0.0,0.0,0.0,0.0,0.0,data\patents\patents_google_com_patent_US11485676B2_en\processed\splitted\patents_google_com_patent_US11485676B2_en-table_5-6.csv
26.48,24.48,28.49,10.5,10.0,0.0,0.0231,0.0,0.0,0.0,0.0,0.0,0.0,0.0,0.0,0.0,0.0,0.0,0.026,0.0,0.0,0.0,0.0,0.0,0.0,0.0,0.0,1.967,0.0,0.0,0.0,0.0,0.0,0.0,0.0,data\patents\patents_google_com_patent_US11485676B2_en\processed\splitted\patents_google_com_patent_US11485676B2_en-table_5-6.csv
24.98,24.48,34.99,0.51,14.99,0.0,0.0232,0.0,0.0,0.0,0.0,0.0,0.0,0.0,0.0,0.0,0.0,0.0,0.0228,0.0,0.0,0.0,0.0,0.0,0.0,0.0,0.0,1.97,0.0,0.0,0.0,0.0,0.0,0.0,0.0,data\patents\patents_google_com_patent_US11485676B2_en\processed\splitted\patents_google_com_patent_US11485676B2_en-table_5-6.csv
22.99,23.49,37.98,0.5,15.0,0.0,0.0225,0.0,0.0,0.0,0.0,0.0,0.0,0.0,0.0,0.0,0.0,0.0,0.0221,0.0,0.0,0.0,0.0,0.0,0.0,0.0,0.0,1.972,0.0,0.0,0.0,0.0,0.0,0.0,0.0,data\patents\patents_google_com_patent_US11485676B2_en\processed\splitted\patents_google_com_patent_US11485676B2_en-table_5-6.csv
27.99,24.49,22.0,25.5,0.0,0.0,0.0,0.0,0.0,0.0,0.0,0.0,0.0,0.0,0.0,0.0,0.0,0.0,0.0256,0.0,0.0,0.0,0.0,0.0,0.0,0.0,0.0,1.977,0.0,0.0,0.0,0.0,0.0,0.0,0.0,data\patents\patents_google_com_patent_US11485676B2_en\processed\splitted\patents_google_com_patent_US11485676B2_en-table_5-6.csv
25.0,24.52,25.01,20.45,4.98,0.0,0.0222,0.0,0.0,0.0,0.0,0.0,0.0,0.0,0.0,0.0,0.0,0.0,0.0218,0.0,0.0,0.0,0.0,0.0,0.0,0.0,0.0,1.953,0.0,0.0,0.0,0.0,0.0,0.0,0.0,data\patents\patents_google_com_patent_US11485676B2_en\processed\splitted\patents_google_com_patent_US11485676B2_en-table_5-7.csv
20.01,24.52,30.01,20.44,4.98,0.0,0.0207,0.0,0.0,0.0,0.0,0.0,0.0,0.0,0.0,0.0,0.0,0.0,0.0174,0.0,0.0,0.0,0.0,0.0,0.0,0.0,0.0,1.936,0.0,0.0,0.0,0.0,0.0,0.0,0.0,data\patents\patents_google_com_patent_US11485676B2_en\processed\splitted\patents_google_com_patent_US11485676B2_en-table_5-7.csv
32.5,25.0,20.0,5.8,4.0,5.7,3.98,0.0,0.0,3.0,0.0,0.0,0.0,0.0,0.0,0.0,0.0,0.0,0.0284,0.0,0.0,0.0,0.0,0.0,0.0,0.0,0.0,1.982,1.9888,1.978,2.0075,0.26291,0.0,0.0,0.0,data\patents\patents_google_com_patent_US11485676B2_en\processed\splitted\patents_google_com_patent_US11485676B2_en-table_5-7.csv
32.48,24.99,20.01,9.0,4.0,2.5,4.0,0.0,0.0,2.99,0.0,0.0,0.0,0.0,0.0,0.0,0.0,0.0,0.0314,0.0,0.0,0.0,0.0,0.0,0.0,0.0,0.0,1.982,1.9901,1.9793,2.0088,0.26688,0.0,0.0,0.0,data\patents\patents_google_com_patent_US11485676B2_en\processed\splitted\patents_google_com_patent_US11485676B2_en-table_5-7.csv
32.5,25.0,20.0,5.8,4.0,5.7,3.98,0.0,0.0,3.0,0.0,0.0,0.0,0.0,0.0,0.0,0.0,0.0,0.0284,0.0,0.0,0.0,0.0,0.0,0.0,0.0,0.0,1.982,1.989,1.9782,2.0077,0.26262,0.0,0.0,0.0,data\patents\patents_google_com_patent_US11485676B2_en\processed\splitted\patents_google_com_patent_US11485676B2_en-table_5-7.csv
32.48,24.99,20.01,9.0,4.0,2.5,4.0,0.0,0.0,2.99,0.0,0.0,0.0,0.0,0.0,0.0,0.0,0.0,0.0314,0.0,0.0,0.0,0.0,0.0,0.0,0.0,0.0,1.982,1.9902,1.9795,2.0086,0.26675,0.0,0.0,0.0,data\patents\patents_google_com_patent_US11485676B2_en\processed\splitted\patents_google_com_patent_US11485676B2_en-table_5-7.csv
37.49,24.29,10.99,7.99,5.1,2.1,4.49,0.0,0.0,4.52,0.0,0.0,3.0,0.0,0.0,0.0,0.0,0.0,0.0339,0.0,0.0,0.0,0.0,0.0,0.0,0.0,0.0,1.99,1.9922,1.9816,2.0106,0.25947,0.0,0.0,0.0,data\patents\patents_google_com_patent_US11485676B2_en\processed\splitted\patents_google_com_patent_US11485676B2_en-table_5-7.csv
22.87,23.37,38.3,0.5,14.92,0.0,0.0224,0.0,0.0,0.0,0.0,0.0,0.0,0.0,0.0,0.0,0.0,0.0,0.022,0.0,0.0,0.0,0.0,0.0,0.0,0.0,0.0,1.973,0.0,0.0,0.0,0.0,0.0,0.0,0.0,data\patents\patents_google_com_patent_US11485676B2_en\processed\splitted\patents_google_com_patent_US11485676B2_en-table_5-7.csv
28.04,24.06,22.04,17.86,7.95,0.0,0.0232,0.0,0.0,0.0,0.0,0.0,0.0,0.0,0.0,0.0,0.0,0.0,0.0261,0.0,0.0,0.0,0.0,0.0,0.0,0.0,0.0,1.958,0.0,0.0,0.0,0.0,0.0,0.0,0.0,data\patents\patents_google_com_patent_US11485676B2_en\processed\splitted\patents_google_com_patent_US11485676B2_en-table_5-8.csv
32.5,25.0,21.0,5.81,4.0,5.7,3.99,0.0,0.0,0.0,0.0,0.0,0.0,0.0,0.0,0.0,0.0,0.0,0.0,0.0,0.0,0.0,0.0,0.0,0.0,0.0,0.0,1.988,1.9993,1.9885,2.0181,0.26458,0.0,0.0,0.0,data\patents\patents_google_com_patent_US11485676B2_en\processed\splitted\patents_google_com_patent_US11485676B2_en-table_5-8.csv
32.51,25.0,21.0,4.8,4.01,5.7,3.98,0.0,0.0,2.0,0.0,0.0,0.0,0.0,0.0,0.0,0.0,0.0,0.0,0.0,0.0,0.0,0.0,0.0,0.0,0.0,0.0,1.987,1.9976,1.9868,2.0163,0.26469,0.0,0.0,0.0,data\patents\patents_google_com_patent_US11485676B2_en\processed\splitted\patents_google_com_patent_US11485676B2_en-table_5-8.csv
32.51,25.0,20.01,4.79,4.0,4.7,3.99,0.0,0.0,3.0,0.0,0.0,0.0,0.0,0.0,0.0,0.0,0.0,2.0,0.0,0.0,0.0,0.0,0.0,0.0,0.0,0.0,1.983,2.0021,1.9913,2.021,0.26003,0.0,0.0,0.0,data\patents\patents_google_com_patent_US11485676B2_en\processed\splitted\patents_google_com_patent_US11485676B2_en-table_5-8.csv
32.49,25.0,20.0,5.3,4.01,5.21,3.99,0.0,0.0,3.01,0.0,0.0,0.0,0.0,0.0,0.0,0.0,1.0,0.0,0.0,0.0,0.0,0.0,0.0,0.0,0.0,0.0,1.991,2.0014,1.9905,2.0203,0.26113,0.0,0.0,0.0,data\patents\patents_google_com_patent_US11485676B2_en\processed\splitted\patents_google_com_patent_US11485676B2_en-table_5-8.csv
32.48,24.99,20.0,4.8,4.01,4.7,4.0,0.0,0.0,3.01,0.0,0.0,0.0,0.0,0.0,0.0,0.0,2.0,0.0,0.0,0.0,0.0,0.0,0.0,0.0,0.0,0.0,2.0,2.0086,1.9975,2.0279,0.25876,0.0,0.0,0.0,data\patents\patents_google_com_patent_US11485676B2_en\processed\splitted\patents_google_com_patent_US11485676B2_en-table_5-8.csv
29.99,25.0,24.0,5.8,4.0,4.21,3.98,0.0,0.0,3.02,0.0,0.0,0.0,0.0,0.0,0.0,0.0,0.0,0.0274,0.0,0.0,0.0,0.0,0.0,0.0,0.0,0.0,1.98,1.9905,1.9791,2.0104,0.26843,0.0,0.0,0.0,data\patents\patents_google_com_patent_US11485676B2_en\processed\splitted\patents_google_com_patent_US11485676B2_en-table_5-8.csv
27.5,25.0,28.0,2.81,4.01,5.71,3.98,0.0,0.0,2.99,0.0,0.0,0.0,0.0,0.0,0.0,0.0,0.0,0.0269,0.0,0.0,0.0,0.0,0.0,0.0,0.0,0.0,1.978,1.949,1.9386,1.9669,0.26346,0.0,0.0,0.0,data\patents\patents_google_com_patent_US11485676B2_en\processed\splitted\patents_google_com_patent_US11485676B2_en-table_5-8.csv
30.0,25.0,27.2,1.8,4.01,0.2,8.77,0.0,0.0,2.98,0.0,0.0,0.0,0.0,0.0,0.0146,0.0,0.0,0.0269,0.0,0.0,0.0,0.0,0.0,0.0,0.0,0.0,1.984,1.9905,1.9791,2.0104,0.27492,0.0,0.0,0.0,data\patents\patents_google_com_patent_US11485676B2_en\processed\splitted\patents_google_com_patent_US11485676B2_en-table_5-9.csv
29.31,24.99,29.31,4.59,11.78,0.0,0.0,0.0,0.0,0.0,0.0,0.0,0.0,0.0,0.0,0.0,0.0,0.0,0.0273,0.0,0.0,0.0,0.0,0.0,0.0,0.0,0.0,1.986,0.0,0.0,0.0,0.0,0.0,0.0,0.0,data\patents\patents_google_com_patent_US11485676B2_en\processed\splitted\patents_google_com_patent_US11485676B2_en-table_5-9.csv
28.49,24.99,28.5,9.16,8.83,0.0,0.0,0.0,0.0,0.0,0.0,0.0,0.0,0.0,0.0,0.0,0.0,0.0,0.0267,0.0,0.0,0.0,0.0,0.0,0.0,0.0,0.0,1.984,0.0,0.0,0.0,0.0,0.0,0.0,0.0,data\patents\patents_google_com_patent_US11485676B2_en\processed\splitted\patents_google_com_patent_US11485676B2_en-table_5-9.csv
27.67,24.99,27.67,13.76,5.89,0.0,0.0,0.0,0.0,0.0,0.0,0.0,0.0,0.0,0.0,0.0,0.0,0.0,0.0262,0.0,0.0,0.0,0.0,0.0,0.0,0.0,0.0,1.982,0.0,0.0,0.0,0.0,0.0,0.0,0.0,data\patents\patents_google_com_patent_US11485676B2_en\processed\splitted\patents_google_com_patent_US11485676B2_en-table_5-9.csv
31.96,23.34,20.96,8.24,8.49,6.99,0.0,0.0,0.0,0.0,0.0,0.0,0.0,0.0,0.0,0.0,0.0,0.0,0.0287,0.0,0.0,0.0,0.0,0.0,0.0,0.0,0.0,1.987,0.0,0.0,0.0,0.0,0.0,0.0,0.0,data\patents\patents_google_com_patent_US11485676B2_en\processed\splitted\patents_google_com_patent_US11485676B2_en-table_5-9.csv
31.95,23.33,20.96,8.26,5.49,7.98,0.0,0.0,0.0,2.0,0.0,0.0,0.0,0.0,0.0,0.0,0.0,0.0,0.0285,0.0,0.0,0.0,0.0,0.0,0.0,0.0,0.0,1.993,2.001,1.9901,2.0196,0.26266,0.0,0.0,0.0,data\patents\patents_google_com_patent_US11485676B2_en\processed\splitted\patents_google_com_patent_US11485676B2_en-table_5-9.csv
31.91,23.28,20.95,7.73,3.99,7.48,2.65,0.0,0.0,1.99,0.0,0.0,0.0,0.0,0.0,0.0,0.0,0.0,0.0283,0.0,0.0,0.0,0.0,0.0,0.0,0.0,0.0,1.992,0.0,0.0,0.0,0.0,0.0,0.0,0.0,data\patents\patents_google_com_patent_US11485676B2_en\processed\splitted\patents_google_com_patent_US11485676B2_en-table_5-9.csv
29.94,24.79,21.85,8.19,4.62,6.26,4.24,0.0,0.0,0.0,0.0,0.0,0.0,0.0,0.0,0.0148,0.0,0.0,0.0277,0.0028,0.0,0.0,0.0,0.0,0.0,0.0,0.0,1.972,1.9818,1.9711,2.0001,0.26493,0.0,0.0,0.0,data\patents\patents_google_com_patent_US11485676B2_en\processed\splitted\patents_google_com_patent_US11485676B2_en-table_5-9.csv
24.93,27.32,14.74,13.68,13.92,0.0,5.39,0.0,0.0,0.0,0.0,0.0,0.0,0.0,0.0,0.0,0.0,0.0,0.0,0.0,0.0145,0.0,0.0,0.0,0.0,0.0,0.0,1.865,1.8504,1.8425,1.8635,0.0,0.0,0.0,0.0,data\patents\patents_google_com_patent_US11485676B2_en\processed\splitted\patents_google_com_patent_US11485676B2_en-table_6-0.csv
21.35,16.24,3.33,1.58,2.82,18.5,0.0,0.0,3.27,2.97,10.27,1.44,9.18,0.0,0.0,0.0,0.0,4.19,0.0,0.0,0.0,4.24,0.63,0.0,0.0,0.0,0.0,1.945,1.9694,0.0,2.0648,0.2159,105.0,0.0,0.0,data\patents\patents_google_com_patent_US11485676B2_en\processed\splitted\patents_google_com_patent_US11485676B2_en-table_6-0.csv
35.73,24.84,11.24,4.14,5.0,3.99,4.99,0.0268,4.99,5.02,0.0,0.0,0.007,0.0,0.0,0.0,0.0,0.0,0.0109,0.0303,0.0,0.0,0.0,0.0,0.0,0.0,0.0,1.965,0.0,0.0,0.0,0.0,0.0,0.0,0.0,data\patents\patents_google_com_patent_US11485676B2_en\processed\splitted\patents_google_com_patent_US11485676B2_en-table_6-0.csv
26.93,25.06,23.66,0.0,8.85,0.0,8.17,0.0,0.0,0.0,3.45,0.0,1.93,0.0,1.93,0.0,0.0,0.0,0.0,0.0,0.0255,0.0,0.0,0.0,0.0,0.0,0.0,1.939,1.9464,1.9362,1.9638,0.0,0.0,0.0,0.0,data\patents\patents_google_com_patent_US11485676B2_en\processed\splitted\patents_google_com_patent_US11485676B2_en-table_6-0.csv
20.59,25.88,31.91,0.0,2.8,0.0,13.0,0.0,0.0,0.0,2.33,0.0,3.48,0.0,0.0,0.0,0.0,0.0,0.0,0.0,0.0095,0.0,0.0,0.0,0.0,0.0,0.0,1.939,1.95,1.9395,1.9678,0.0,0.0,0.0,0.0,data\patents\patents_google_com_patent_US11485676B2_en\processed\splitted\patents_google_com_patent_US11485676B2_en-table_6-0.csv
26.38,24.2,23.29,0.0,3.04,1.87,13.85,1.19,0.0,0.0,2.07,0.0,0.0,0.0,4.11,0.0,0.0,0.0,0.0,0.0,0.0,0.0,0.0,0.0,0.0,0.0,0.0,1.926,1.9411,1.931,1.9582,0.0,0.0,0.0,0.0,data\patents\patents_google_com_patent_US11485676B2_en\processed\splitted\patents_google_com_patent_US11485676B2_en-table_6-0.csv
26.35,24.17,23.26,0.0,3.04,1.87,13.84,1.19,0.0,0.0,2.07,0.0,0.0,0.0,4.11,0.0,0.0,0.0,0.0,0.0,0.0983,0.0,0.0,0.0,0.0,0.0,0.0,1.926,1.9411,1.931,1.9582,0.0,0.0,0.0,0.0,data\patents\patents_google_com_patent_US11485676B2_en\processed\splitted\patents_google_com_patent_US11485676B2_en-table_6-0.csv
23.33,22.31,23.62,0.0,3.58,0.0,15.21,3.6,0.0,0.0,2.6,0.0,0.0,0.0,4.85,0.0,0.0,0.0,0.0,0.0,0.0,0.0,0.0,0.0,0.0,0.0,0.0,1.899,1.9222,1.9126,1.9385,0.0,0.0,0.0,0.0,data\patents\patents_google_com_patent_US11485676B2_en\processed\splitted\patents_google_com_patent_US11485676B2_en-table_6-0.csv
25.75,20.9,16.19,0.0,6.46,16.37,7.37,0.0,0.0,0.0,1.47,0.0,0.0,0.0,5.47,0.0,0.0,0.0,0.0,0.0,0.0261,0.0,0.0,0.0,0.0,0.0,0.0,1.908,1.9193,1.9105,1.9342,0.0,0.0,0.0,0.0,data\patents\patents_google_com_patent_US11485676B2_en\processed\splitted\patents_google_com_patent_US11485676B2_en-table_6-1.csv
34.98,24.99,10.0,5.0,4.99,7.0,4.99,0.0,4.0,5.0,0.0,0.0,0.0,0.0,0.0,0.0158,0.0,0.0,0.0328,0.0,0.0,0.0,0.0,0.0,0.0,0.0,0.0,1.952,0.0,0.0,0.0,0.0,0.0,0.0,0.0,data\patents\patents_google_com_patent_US11485676B2_en\processed\splitted\patents_google_com_patent_US11485676B2_en-table_6-1.csv
32.01,25.0,15.01,7.99,5.01,6.0,4.98,0.0,0.0,5.01,0.0,0.0,0.0,0.0,0.0,0.0,0.0,0.0,0.0281,0.0,0.0,0.0,0.0,0.0,0.0,0.0,0.0,1.951,0.0,0.0,0.0,0.0,0.0,0.0,0.0,data\patents\patents_google_com_patent_US11485676B2_en\processed\splitted\patents_google_com_patent_US11485676B2_en-table_6-1.csv
31.99,24.99,15.01,4.99,5.0,5.0,4.99,0.0,0.0,4.98,3.0,0.0,0.0,0.0,0.0,0.0,0.0,0.0,0.0282,0.0,0.0,0.0,0.0,0.0,0.0,0.0,0.0,1.952,0.0,0.0,0.0,0.0,0.0,0.0,0.0,data\patents\patents_google_com_patent_US11485676B2_en\processed\splitted\patents_google_com_patent_US11485676B2_en-table_6-1.csv
21.0,24.99,20.01,8.01,3.3,8.0,3.4,0.0,0.0,3.29,8.0,0.0,0.0,0.0,0.0,0.0,0.0,0.0,0.0188,0.0,0.0,0.0,0.0,0.0,0.0,0.0,0.0,1.9,0.0,0.0,0.0,0.0,0.0,0.0,0.0,data\patents\patents_google_com_patent_US11485676B2_en\processed\splitted\patents_google_com_patent_US11485676B2_en-table_6-2.csv
30.94,21.8,20.39,0.0,0.0,5.31,3.94,0.0,0.0,8.18,0.0,0.0,0.0,0.0,5.85,0.0,0.0,1.75,1.84,0.0,0.0056,0.0,0.0,0.0,0.0,0.0,0.0,1.991,1.9734,1.9624,1.9922,0.0,0.0,0.0,0.0,data\patents\patents_google_com_patent_US11485676B2_en\processed\splitted\patents_google_com_patent_US11485676B2_en-table_6-2.csv
15.3,20.1,7.59,0.0,0.0,0.0,0.0,0.0,8.0,8.31,0.0,0.0,9.0,0.0,10.4,0.0,0.0,14.5,0.0,0.0,0.0,0.0,0.0,5.2,0.0,0.0,0.0,1.977,1.99,0.0,0.0,0.0,0.0,0.0,0.0,data\patents\patents_google_com_patent_US11485676B2_en\processed\splitted\patents_google_com_patent_US11485676B2_en-table_6-2.csv
30.94,21.8,20.39,0.0,0.0,5.31,3.94,0.0,0.0,8.18,0.0,0.0,0.0,0.0,5.85,0.0,0.0,1.75,1.84,0.0,0.0,0.0,0.0,0.0,0.0,0.0,0.0,1.991,1.9734,1.9624,1.9922,0.0,0.0,0.0,0.0,data\patents\patents_google_com_patent_US11485676B2_en\processed\splitted\patents_google_com_patent_US11485676B2_en-table_6-2.csv
14.98,0.0,2.99,3.4,0.83,7.99,14.74,49.93,0.0,0.0,0.01,4.99,0.0,0.08,0.0,0.04,0.0,0.0,0.0,0.01,0.0,0.0,0.0,0.0,0.0,0.0,0.0,0.0,0.0,0.0,0.0,0.0,0.0,0.0,1.786,data\patents\patents_google_com_patent_US20240025797A1_en\processed\splitted\patents_google_com_patent_US20240025797A1_en-table_5-0.csv
14.99,0.0,3.0,0.86,5.75,7.99,12.39,49.95,0.0,0.0,0.01,4.99,0.0,0.03,0.0,0.04,0.0,0.0,0.0,0.01,0.0,0.0,0.0,0.0,0.0,0.0,0.0,0.0,0.0,0.0,0.0,0.0,0.0,0.0,1.779,data\patents\patents_google_com_patent_US20240025797A1_en\processed\splitted\patents_google_com_patent_US20240025797A1_en-table_5-0.csv
14.98,0.0,3.0,5.9,0.82,7.99,12.26,49.9,0.0,0.0,0.01,4.99,0.0,0.1,0.0,0.04,0.0,0.0,0.0,0.01,0.0,0.0,0.0,0.0,0.0,0.0,0.0,0.0,1.7346,0.0,0.0,0.0,0.0,0.0,1.7792,data\patents\patents_google_com_patent_US20240025797A1_en\processed\splitted\patents_google_com_patent_US20240025797A1_en-table_5-0.csv
14.99,0.0,3.0,0.84,8.14,7.99,9.99,49.96,0.0,0.0,0.01,5.0,0.0,0.03,0.0,0.04,0.0,0.0,0.0,0.01,0.0,0.0,0.0,0.0,0.0,0.0,0.0,0.0,1.7546,0.0,0.0,0.0,0.0,0.0,1.778,data\patents\patents_google_com_patent_US20240025797A1_en\processed\splitted\patents_google_com_patent_US20240025797A1_en-table_5-0.csv
14.99,0.0,3.0,0.83,10.52,7.99,7.63,49.95,0.0,0.0,0.01,5.0,0.0,0.03,0.0,0.04,0.0,0.0,0.0,0.01,0.0,0.0,0.0,0.0,0.0,0.0,0.0,0.0,0.0,0.0,0.0,0.0,0.0,0.0,1.777,data\patents\patents_google_com_patent_US20240025797A1_en\processed\splitted\patents_google_com_patent_US20240025797A1_en-table_5-0.csv
14.99,0.0,3.0,0.84,12.85,8.0,5.3,49.95,0.0,0.0,0.01,4.99,0.0,0.03,0.0,0.04,0.0,0.0,0.0,0.01,0.0,0.0,0.0,0.0,0.0,0.0,0.0,0.0,1.7496,0.0,0.0,0.0,0.0,0.0,1.777,data\patents\patents_google_com_patent_US20240025797A1_en\processed\splitted\patents_google_com_patent_US20240025797A1_en-table_5-0.csv
14.98,0.0,3.0,0.83,17.42,7.99,0.75,49.93,0.0,0.0,0.01,5.0,0.0,0.03,0.0,0.04,0.0,0.0,0.0,0.01,0.0,0.0,0.0,0.0,0.0,0.0,0.0,0.0,0.0,0.0,0.0,0.0,0.0,0.0,1.776,data\patents\patents_google_com_patent_US20240025797A1_en\processed\splitted\patents_google_com_patent_US20240025797A1_en-table_5-0.csv
14.98,0.0,2.99,4.17,6.44,7.99,8.36,49.93,0.0,0.0,0.01,4.99,0.0,0.08,0.0,0.04,0.0,0.0,0.0,0.01,0.0,0.0,0.0,0.0,0.0,0.0,0.0,0.0,1.7546,0.0,0.0,0.0,0.0,0.0,1.786,data\patents\patents_google_com_patent_US20240025797A1_en\processed\splitted\patents_google_com_patent_US20240025797A1_en-table_5-0.csv
14.97,0.0,2.99,6.64,4.01,7.99,8.32,49.9,0.0,0.0,0.01,4.99,0.0,0.13,0.0,0.04,0.0,0.0,0.0,0.01,0.0,0.0,0.0,0.0,0.0,0.0,0.0,0.0,0.0,0.0,0.0,0.0,0.0,0.0,1.793,data\patents\patents_google_com_patent_US20240025797A1_en\processed\splitted\patents_google_com_patent_US20240025797A1_en-table_5-0.csv
14.97,0.0,3.0,6.59,6.37,7.99,6.0,49.9,0.0,0.0,0.01,4.99,0.0,0.13,0.0,0.04,0.0,0.0,0.0,0.01,0.0,0.0,0.0,0.0,0.0,0.0,0.0,0.0,0.0,0.0,0.0,0.0,0.0,0.0,1.792,data\patents\patents_google_com_patent_US20240025797A1_en\processed\splitted\patents_google_com_patent_US20240025797A1_en-table_5-0.csv
14.96,0.0,2.99,8.91,8.59,7.98,1.47,49.89,0.0,0.0,0.01,4.99,0.0,0.16,0.0,0.04,0.0,0.0,0.0,0.01,0.0,0.0,0.0,0.0,0.0,0.0,0.0,0.0,1.75,0.0,0.0,0.0,0.0,0.0,1.796,data\patents\patents_google_com_patent_US20240025797A1_en\processed\splitted\patents_google_com_patent_US20240025797A1_en-table_5-1.csv
14.96,0.0,3.0,10.6,3.15,7.98,5.19,49.88,0.0,0.0,0.01,4.99,0.0,0.18,0.0,0.04,0.0,0.0,0.0,0.01,0.0,0.0,0.0,0.0,0.0,0.0,0.0,0.0,1.735,0.0,0.0,0.0,0.0,0.0,1.802,data\patents\patents_google_com_patent_US20240025797A1_en\processed\splitted\patents_google_com_patent_US20240025797A1_en-table_5-1.csv
14.96,0.0,2.99,12.81,5.41,7.98,0.73,49.86,0.0,0.0,0.01,4.98,0.0,0.21,0.0,0.04,0.0,0.0,0.0,0.01,0.0,0.0,0.0,0.0,0.0,0.0,0.0,0.0,0.0,0.0,0.0,0.0,0.0,0.0,1.806,data\patents\patents_google_com_patent_US20240025797A1_en\processed\splitted\patents_google_com_patent_US20240025797A1_en-table_5-1.csv
14.98,0.0,2.99,0.6,0.39,4.99,18.0,49.94,0.0,0.0,0.01,7.99,0.0,0.05,0.0,0.05,0.0,0.0,0.0,0.01,0.0,0.0,0.0,0.0,0.0,0.0,0.0,0.0,1.7796,0.0,0.0,0.0,0.0,0.0,1.786,data\patents\patents_google_com_patent_US20240025797A1_en\processed\splitted\patents_google_com_patent_US20240025797A1_en-table_5-1.csv
14.98,0.0,3.0,0.6,2.77,4.99,15.6,49.94,0.0,0.0,0.01,7.99,0.0,0.05,0.0,0.05,0.0,0.0,0.0,0.01,0.0,0.0,0.0,0.0,0.0,0.0,0.0,0.0,1.78,0.0,0.0,0.0,0.0,0.0,1.785,data\patents\patents_google_com_patent_US20240025797A1_en\processed\splitted\patents_google_com_patent_US20240025797A1_en-table_5-1.csv
14.97,0.0,3.0,4.2,0.4,4.99,14.39,49.9,0.0,0.0,0.01,7.98,0.0,0.1,0.0,0.05,0.0,0.0,0.0,0.01,0.0,0.0,0.0,0.0,0.0,0.0,0.0,0.0,1.7746,0.0,0.0,0.0,0.0,0.0,1.794,data\patents\patents_google_com_patent_US20240025797A1_en\processed\splitted\patents_google_com_patent_US20240025797A1_en-table_5-1.csv
14.98,0.0,3.0,2.43,2.79,4.99,13.75,49.92,0.0,0.0,0.01,7.99,0.0,0.08,0.0,0.05,0.0,0.0,0.0,0.01,0.0,0.0,0.0,0.0,0.0,0.0,0.0,0.0,1.78,0.0,0.0,0.0,0.0,0.0,1.789,data\patents\patents_google_com_patent_US20240025797A1_en\processed\splitted\patents_google_com_patent_US20240025797A1_en-table_5-1.csv
14.98,0.0,3.0,0.61,6.52,5.0,11.84,49.95,0.0,0.0,0.01,7.99,0.0,0.05,0.0,0.04,0.0,0.0,0.0,0.01,0.0,0.0,0.0,0.0,0.0,0.0,0.0,0.0,1.7746,0.0,0.0,0.0,0.0,0.0,1.784,data\patents\patents_google_com_patent_US20240025797A1_en\processed\splitted\patents_google_com_patent_US20240025797A1_en-table_5-1.csv
14.98,0.0,3.0,0.63,9.13,4.99,9.22,49.95,0.0,0.0,0.01,7.99,0.0,0.05,0.0,0.04,0.0,0.0,0.0,0.01,0.0,0.0,0.0,0.0,0.0,0.0,0.0,0.0,1.77,0.0,0.0,0.0,0.0,0.0,1.783,data\patents\patents_google_com_patent_US20240025797A1_en\processed\splitted\patents_google_com_patent_US20240025797A1_en-table_5-1.csv
14.97,0.0,2.99,4.39,6.62,4.99,7.96,49.91,0.0,0.0,0.01,7.98,0.0,0.1,0.0,0.05,0.0,0.0,0.0,0.01,0.0,0.0,0.0,0.0,0.0,0.0,0.0,0.0,1.765,0.0,0.0,0.0,0.0,0.0,1.793,data\patents\patents_google_com_patent_US20240025797A1_en\processed\splitted\patents_google_com_patent_US20240025797A1_en-table_5-1.csv
14.98,0.0,3.0,2.46,5.29,4.99,11.22,49.93,0.0,0.0,0.01,7.98,0.0,0.08,0.0,0.05,0.0,0.0,0.0,0.01,0.0,0.0,0.0,0.0,0.0,0.0,0.0,0.0,0.0,0.0,0.0,0.0,0.0,0.0,1.789,data\patents\patents_google_com_patent_US20240025797A1_en\processed\splitted\patents_google_com_patent_US20240025797A1_en-table_5-10.csv
14.98,0.0,3.0,0.63,7.81,5.0,10.54,49.93,0.0,0.0,0.01,7.99,0.0,0.05,0.0,0.04,0.0,0.0,0.0,0.01,0.0,0.0,0.0,0.0,0.0,0.0,0.0,0.0,0.0,0.0,0.0,0.0,0.0,0.0,1.784,data\patents\patents_google_com_patent_US20240025797A1_en\processed\splitted\patents_google_com_patent_US20240025797A1_en-table_5-10.csv
14.98,0.0,2.99,2.49,6.56,4.99,9.92,49.92,0.0,0.0,0.01,7.99,0.0,0.08,0.0,0.05,0.0,0.0,0.0,0.01,0.0,0.0,0.0,0.0,0.0,0.0,0.0,0.0,0.0,0.0,0.0,0.0,0.0,0.0,1.788,data\patents\patents_google_com_patent_US20240025797A1_en\processed\splitted\patents_google_com_patent_US20240025797A1_en-table_5-10.csv
14.97,0.0,2.99,4.34,5.33,4.99,9.29,49.92,0.0,0.0,0.01,7.99,0.0,0.1,0.0,0.05,0.0,0.0,0.0,0.01,0.0,0.0,0.0,0.0,0.0,0.0,0.0,0.0,0.0,0.0,0.0,0.0,0.0,0.0,1.793,data\patents\patents_google_com_patent_US20240025797A1_en\processed\splitted\patents_google_com_patent_US20240025797A1_en-table_5-10.csv
14.98,0.0,2.99,2.5,7.87,4.99,8.59,49.93,0.0,0.0,0.01,7.99,0.0,0.08,0.0,0.04,0.0,0.0,0.0,0.01,0.0,0.0,0.0,0.0,0.0,0.0,0.0,0.0,0.0,0.0,0.0,0.0,0.0,0.0,1.788,data\patents\patents_google_com_patent_US20240025797A1_en\processed\splitted\patents_google_com_patent_US20240025797A1_en-table_5-10.csv
17.71,0.0,3.39,0.0,0.0,8.47,18.09,49.9,0.0,0.0,0.18,2.25,0.0,0.0,0.0,0.02,0.0,0.0,0.0,0.0,0.0,0.0,0.0,0.0,0.0,0.0,0.0,0.0,0.0,0.0,0.0,0.0,0.0,0.0,1.802,data\patents\patents_google_com_patent_US20240025797A1_en\processed\splitted\patents_google_com_patent_US20240025797A1_en-table_5-10.csv
17.34,0.0,3.39,0.0,0.0,9.94,16.61,49.88,0.0,0.0,0.21,2.62,0.0,0.0,0.0,0.02,0.0,0.0,0.0,0.0,0.0,0.0,0.0,0.0,0.0,0.0,0.0,0.0,0.0,0.0,0.0,0.0,0.0,0.0,1.804,data\patents\patents_google_com_patent_US20240025797A1_en\processed\splitted\patents_google_com_patent_US20240025797A1_en-table_5-10.csv
16.96,0.0,3.39,0.0,0.0,11.41,15.12,49.87,0.0,0.0,0.24,2.99,0.0,0.0,0.0,0.02,0.0,0.0,0.0,0.0,0.0,0.0,0.0,0.0,0.0,0.0,0.0,0.0,0.0,0.0,0.0,0.0,0.0,0.0,1.806,data\patents\patents_google_com_patent_US20240025797A1_en\processed\splitted\patents_google_com_patent_US20240025797A1_en-table_5-10.csv
16.95,0.0,4.56,0.0,0.0,9.93,15.44,49.88,0.0,0.0,0.21,3.01,0.0,0.0,0.0,0.02,0.0,0.0,0.0,0.0,0.0,0.0,0.0,0.0,0.0,0.0,0.0,0.0,0.0,0.0,0.0,0.0,0.0,0.0,1.808,data\patents\patents_google_com_patent_US20240025797A1_en\processed\splitted\patents_google_com_patent_US20240025797A1_en-table_5-10.csv
16.94,0.0,5.71,0.0,0.0,8.46,15.77,49.9,0.0,0.0,0.17,3.02,0.0,0.0,0.0,0.02,0.0,0.0,0.0,0.0,0.0,0.0,0.0,0.0,0.0,0.0,0.0,0.0,0.0,0.0,0.0,0.0,0.0,0.0,1.809,data\patents\patents_google_com_patent_US20240025797A1_en\processed\splitted\patents_google_com_patent_US20240025797A1_en-table_5-10.csv
16.59,0.0,3.38,0.0,0.0,12.9,13.63,49.85,0.0,0.0,0.26,3.36,0.0,0.0,0.0,0.02,0.0,0.0,0.0,0.0,0.0,0.0,0.0,0.0,0.0,0.0,0.0,0.0,0.0,0.0,0.0,0.0,0.0,0.0,1.808,data\patents\patents_google_com_patent_US20240025797A1_en\processed\splitted\patents_google_com_patent_US20240025797A1_en-table_5-11.csv
16.58,0.0,4.55,0.0,0.0,11.39,13.97,49.86,0.0,0.0,0.24,3.37,0.0,0.0,0.0,0.02,0.0,0.0,0.0,0.0,0.0,0.0,0.0,0.0,0.0,0.0,0.0,0.0,0.0,0.0,0.0,0.0,0.0,0.0,1.81,data\patents\patents_google_com_patent_US20240025797A1_en\processed\splitted\patents_google_com_patent_US20240025797A1_en-table_5-11.csv
16.57,0.0,5.71,0.0,0.0,9.92,14.3,49.88,0.0,0.0,0.21,3.39,0.0,0.0,0.0,0.02,0.0,0.0,0.0,0.0,0.0,0.0,0.0,0.0,0.0,0.0,0.0,0.0,0.0,0.0,0.0,0.0,0.0,0.0,1.812,data\patents\patents_google_com_patent_US20240025797A1_en\processed\splitted\patents_google_com_patent_US20240025797A1_en-table_5-11.csv
16.56,0.0,6.84,0.0,0.0,8.46,14.63,49.9,0.0,0.0,0.17,3.4,0.0,0.0,0.0,0.02,0.0,0.0,0.0,0.0,0.0,0.0,0.0,0.0,0.0,0.0,0.0,0.0,0.0,0.0,0.0,0.0,0.0,0.0,1.813,data\patents\patents_google_com_patent_US20240025797A1_en\processed\splitted\patents_google_com_patent_US20240025797A1_en-table_5-11.csv
16.2,0.0,3.38,0.0,0.0,14.38,12.13,49.84,0.0,0.0,0.3,3.73,0.0,0.0,0.0,0.03,0.0,0.0,0.0,0.0,0.0,0.0,0.0,0.0,0.0,0.0,0.0,0.0,0.0,0.0,0.0,0.0,0.0,0.0,1.81,data\patents\patents_google_com_patent_US20240025797A1_en\processed\splitted\patents_google_com_patent_US20240025797A1_en-table_5-11.csv
15.83,0.0,3.38,0.0,0.0,15.87,10.63,49.82,0.0,0.0,0.33,4.1,0.0,0.0,0.0,0.03,0.0,0.0,0.01,0.0,0.0,0.0,0.0,0.0,0.0,0.0,0.0,0.0,0.0,0.0,0.0,0.0,0.0,0.0,1.812,data\patents\patents_google_com_patent_US20240025797A1_en\processed\splitted\patents_google_com_patent_US20240025797A1_en-table_5-11.csv
15.44,0.0,3.39,0.0,0.0,17.37,9.12,49.81,0.0,0.0,0.36,4.48,0.0,0.0,0.0,0.03,0.0,0.0,0.01,0.0,0.0,0.0,0.0,0.0,0.0,0.0,0.0,0.0,0.0,0.0,0.0,0.0,0.0,0.0,1.815,data\patents\patents_google_com_patent_US20240025797A1_en\processed\splitted\patents_google_com_patent_US20240025797A1_en-table_5-11.csv
15.45,0.0,4.56,0.0,0.0,15.82,9.5,49.82,0.0,0.0,0.33,4.48,0.0,0.0,0.0,0.03,0.0,0.0,0.01,0.0,0.0,0.0,0.0,0.0,0.0,0.0,0.0,0.0,0.0,0.0,0.0,0.0,0.0,0.0,1.816,data\patents\patents_google_com_patent_US20240025797A1_en\processed\splitted\patents_google_com_patent_US20240025797A1_en-table_5-11.csv
15.44,0.0,5.73,0.0,0.0,14.3,9.88,49.83,0.0,0.0,0.3,4.49,0.0,0.0,0.0,0.03,0.0,0.0,0.0,0.0,0.0,0.0,0.0,0.0,0.0,0.0,0.0,0.0,0.0,0.0,0.0,0.0,0.0,0.0,1.818,data\patents\patents_google_com_patent_US20240025797A1_en\processed\splitted\patents_google_com_patent_US20240025797A1_en-table_5-11.csv
15.06,0.0,3.39,0.0,0.0,18.87,7.61,49.79,0.0,0.0,0.39,4.85,0.0,0.0,0.0,0.03,0.0,0.0,0.01,0.0,0.0,0.0,0.0,0.0,0.0,0.0,0.0,0.0,0.0,0.0,0.0,0.0,0.0,0.0,1.817,data\patents\patents_google_com_patent_US20240025797A1_en\processed\splitted\patents_google_com_patent_US20240025797A1_en-table_5-11.csv
15.07,0.0,5.73,0.0,0.0,15.77,8.38,49.81,0.0,0.0,0.33,4.86,0.0,0.0,0.0,0.03,0.0,0.0,0.0,0.0,0.0,0.0,0.0,0.0,0.0,0.0,0.0,0.0,0.0,0.0,0.0,0.0,0.0,0.0,1.82,data\patents\patents_google_com_patent_US20240025797A1_en\processed\splitted\patents_google_com_patent_US20240025797A1_en-table_5-12.csv
15.07,0.0,6.87,0.0,0.0,14.26,8.77,49.83,0.0,0.0,0.29,4.86,0.0,0.0,0.0,0.03,0.0,0.0,0.0,0.0,0.0,0.0,0.0,0.0,0.0,0.0,0.0,0.0,0.0,0.0,0.0,0.0,0.0,0.0,1.822,data\patents\patents_google_com_patent_US20240025797A1_en\processed\splitted\patents_google_com_patent_US20240025797A1_en-table_5-12.csv
16.34,0.0,3.77,0.0,0.0,13.38,12.75,49.85,0.0,0.0,0.27,3.61,0.0,0.0,0.0,0.02,0.0,0.0,0.0,0.0,0.0,0.0,0.0,0.0,0.0,0.0,0.0,0.0,0.0,0.0,0.0,0.0,0.0,0.0,1.81,data\patents\patents_google_com_patent_US20240025797A1_en\processed\splitted\patents_google_com_patent_US20240025797A1_en-table_5-12.csv
16.32,0.0,4.95,0.0,0.0,11.87,13.1,49.86,0.0,0.0,0.25,3.62,0.0,0.0,0.0,0.02,0.0,0.0,0.0,0.0,0.0,0.0,0.0,0.0,0.0,0.0,0.0,0.0,0.0,0.0,0.0,0.0,0.0,0.0,1.812,data\patents\patents_google_com_patent_US20240025797A1_en\processed\splitted\patents_google_com_patent_US20240025797A1_en-table_5-12.csv
16.32,0.0,6.09,0.0,0.0,10.39,13.44,49.88,0.0,0.0,0.22,3.64,0.0,0.0,0.0,0.02,0.0,0.0,0.0,0.0,0.0,0.0,0.0,0.0,0.0,0.0,0.0,0.0,0.0,0.0,0.0,0.0,0.0,0.0,1.813,data\patents\patents_google_com_patent_US20240025797A1_en\processed\splitted\patents_google_com_patent_US20240025797A1_en-table_5-12.csv
16.31,0.0,7.23,0.0,0.0,8.94,13.76,49.9,0.0,0.0,0.18,3.65,0.0,0.0,0.0,0.02,0.0,0.0,0.0,0.0,0.0,0.0,0.0,0.0,0.0,0.0,0.0,0.0,0.0,0.0,0.0,0.0,0.0,0.0,1.815,data\patents\patents_google_com_patent_US20240025797A1_en\processed\splitted\patents_google_com_patent_US20240025797A1_en-table_5-12.csv
15.95,0.0,4.95,0.0,0.0,13.34,11.61,49.86,0.0,0.0,0.27,3.99,0.0,0.0,0.0,0.02,0.0,0.0,0.0,0.0,0.0,0.0,0.0,0.0,0.0,0.0,0.0,0.0,0.0,0.0,0.0,0.0,0.0,0.0,1.814,data\patents\patents_google_com_patent_US20240025797A1_en\processed\splitted\patents_google_com_patent_US20240025797A1_en-table_5-12.csv
15.94,0.0,7.24,0.0,0.0,10.38,12.31,49.88,0.0,0.0,0.22,4.01,0.0,0.0,0.0,0.02,0.0,0.0,0.0,0.0,0.0,0.0,0.0,0.0,0.0,0.0,0.0,0.0,0.0,0.0,0.0,0.0,0.0,0.0,1.817,data\patents\patents_google_com_patent_US20240025797A1_en\processed\splitted\patents_google_com_patent_US20240025797A1_en-table_5-12.csv
15.57,0.0,6.11,0.0,0.0,13.31,10.49,49.86,0.0,0.0,0.27,4.36,0.0,0.0,0.0,0.02,0.0,0.0,0.0,0.0,0.0,0.0,0.0,0.0,0.0,0.0,0.0,0.0,0.0,0.0,0.0,0.0,0.0,0.0,1.818,data\patents\patents_google_com_patent_US20240025797A1_en\processed\splitted\patents_google_com_patent_US20240025797A1_en-table_5-12.csv
15.58,0.0,7.24,0.0,0.0,11.83,10.84,49.87,0.0,0.0,0.25,4.37,0.0,0.0,0.0,0.02,0.0,0.0,0.0,0.0,0.0,0.0,0.0,0.0,0.0,0.0,0.0,0.0,0.0,0.0,0.0,0.0,0.0,0.0,1.819,data\patents\patents_google_com_patent_US20240025797A1_en\processed\splitted\patents_google_com_patent_US20240025797A1_en-table_5-12.csv
15.2,0.0,7.25,0.0,0.0,13.27,9.38,49.85,0.0,0.0,0.27,4.74,0.0,0.0,0.0,0.02,0.0,0.0,0.0,0.0,0.0,0.0,0.0,0.0,0.0,0.0,0.0,0.0,0.0,0.0,0.0,0.0,0.0,0.0,1.821,data\patents\patents_google_com_patent_US20240025797A1_en\processed\splitted\patents_google_com_patent_US20240025797A1_en-table_5-13.csv
15.82,0.0,7.98,0.0,0.0,9.9,12.05,49.89,0.0,0.0,0.21,4.14,0.0,0.0,0.0,0.02,0.0,0.0,0.0,0.0,0.0,0.0,0.0,0.0,0.0,0.0,0.0,0.0,0.0,0.0,0.0,0.0,0.0,0.0,1.819,data\patents\patents_google_com_patent_US20240025797A1_en\processed\splitted\patents_google_com_patent_US20240025797A1_en-table_5-13.csv
15.82,0.0,9.08,0.0,0.0,8.46,12.4,49.9,0.0,0.0,0.17,4.14,0.0,0.0,0.0,0.02,0.0,0.0,0.0,0.0,0.0,0.0,0.0,0.0,0.0,0.0,0.0,0.0,0.0,0.0,0.0,0.0,0.0,0.0,1.821,data\patents\patents_google_com_patent_US20240025797A1_en\processed\splitted\patents_google_com_patent_US20240025797A1_en-table_5-13.csv
15.45,0.0,7.99,0.0,0.0,11.33,10.6,49.87,0.0,0.0,0.24,4.5,0.0,0.0,0.0,0.02,0.0,0.0,0.0,0.0,0.0,0.0,0.0,0.0,0.0,0.0,0.0,0.0,0.0,0.0,0.0,0.0,0.0,0.0,1.821,data\patents\patents_google_com_patent_US20240025797A1_en\processed\splitted\patents_google_com_patent_US20240025797A1_en-table_5-13.csv
15.45,0.0,9.09,0.0,0.0,9.88,10.95,49.9,0.0,0.0,0.2,4.5,0.0,0.0,0.0,0.02,0.0,0.0,0.0,0.0,0.0,0.0,0.0,0.0,0.0,0.0,0.0,0.0,0.0,0.0,0.0,0.0,0.0,0.0,1.823,data\patents\patents_google_com_patent_US20240025797A1_en\processed\splitted\patents_google_com_patent_US20240025797A1_en-table_5-13.csv
15.45,0.0,10.18,0.0,0.0,8.45,11.31,49.9,0.0,0.0,0.17,4.51,0.0,0.0,0.0,0.02,0.0,0.0,0.0,0.0,0.0,0.0,0.0,0.0,0.0,0.0,0.0,0.0,0.0,0.0,0.0,0.0,0.0,0.0,1.824,data\patents\patents_google_com_patent_US20240025797A1_en\processed\splitted\patents_google_com_patent_US20240025797A1_en-table_5-13.csv
15.08,0.0,8.0,0.0,0.0,12.77,9.13,49.87,0.0,0.0,0.26,4.86,0.0,0.0,0.0,0.02,0.0,0.0,0.0,0.0,0.0,0.0,0.0,0.0,0.0,0.0,0.0,0.0,0.0,0.0,0.0,0.0,0.0,0.0,1.823,data\patents\patents_google_com_patent_US20240025797A1_en\processed\splitted\patents_google_com_patent_US20240025797A1_en-table_5-13.csv
15.08,0.0,9.11,0.0,0.0,11.31,9.5,49.87,0.0,0.0,0.24,4.86,0.0,0.0,0.0,0.02,0.0,0.0,0.0,0.0,0.0,0.0,0.0,0.0,0.0,0.0,0.0,0.0,0.0,0.0,0.0,0.0,0.0,0.0,1.825,data\patents\patents_google_com_patent_US20240025797A1_en\processed\splitted\patents_google_com_patent_US20240025797A1_en-table_5-13.csv
15.09,0.0,10.19,0.0,0.0,9.87,9.86,49.9,0.0,0.0,0.2,4.86,0.0,0.0,0.0,0.02,0.0,0.0,0.0,0.0,0.0,0.0,0.0,0.0,0.0,0.0,0.0,0.0,0.0,0.0,0.0,0.0,0.0,0.0,1.826,data\patents\patents_google_com_patent_US20240025797A1_en\processed\splitted\patents_google_com_patent_US20240025797A1_en-table_5-13.csv
18.04,0.0,3.01,0.0,6.02,13.03,7.47,50.12,0.0,0.0,0.27,2.01,0.0,0.0,0.0,0.02,0.0,0.0,0.01,0.0,0.0,0.0,0.0,0.0,0.0,0.0,0.0,0.0,0.0,0.0,0.0,0.0,0.0,0.0,1.815,data\patents\patents_google_com_patent_US20240025797A1_en\processed\splitted\patents_google_com_patent_US20240025797A1_en-table_5-13.csv
17.95,0.0,3.3,0.0,5.67,14.07,7.65,49.05,0.0,0.0,0.29,1.99,0.0,0.0,0.0,0.02,0.0,0.0,0.01,0.0,0.0,0.0,0.0,0.0,0.0,0.0,0.0,0.0,0.0,0.0,0.0,0.0,0.0,0.0,1.82,data\patents\patents_google_com_patent_US20240025797A1_en\processed\splitted\patents_google_com_patent_US20240025797A1_en-table_5-14.csv
16.4,0.0,5.13,0.0,5.41,12.38,7.6,50.82,0.0,0.0,0.25,2.0,0.0,0.0,0.0,0.02,0.0,0.0,0.0,0.0,0.0,0.0,0.0,0.0,0.0,0.0,0.0,0.0,0.0,0.0,0.0,0.0,0.0,0.0,1.804,data\patents\patents_google_com_patent_US20240025797A1_en\processed\splitted\patents_google_com_patent_US20240025797A1_en-table_5-14.csv
17.94,0.0,3.56,0.0,5.42,14.91,7.4,48.42,0.0,0.0,0.31,2.0,0.0,0.0,0.0,0.03,0.0,0.0,0.01,0.0,0.0,0.0,0.0,0.0,0.0,0.0,0.0,0.0,0.0,0.0,0.0,0.0,0.0,0.0,1.825,data\patents\patents_google_com_patent_US20240025797A1_en\processed\splitted\patents_google_com_patent_US20240025797A1_en-table_5-14.csv
16.38,0.0,5.45,0.0,5.09,13.45,7.27,50.06,0.0,0.0,0.28,1.99,0.0,0.0,0.0,0.02,0.0,0.0,0.01,0.0,0.0,0.0,0.0,0.0,0.0,0.0,0.0,0.0,0.0,0.0,0.0,0.0,0.0,0.0,1.81,data\patents\patents_google_com_patent_US20240025797A1_en\processed\splitted\patents_google_com_patent_US20240025797A1_en-table_5-14.csv
15.31,0.0,6.62,0.0,4.99,11.97,7.32,51.52,0.0,0.0,0.25,1.99,0.0,0.0,0.0,0.02,0.0,0.0,0.0,0.0,0.0,0.0,0.0,0.0,0.0,0.0,0.0,0.0,0.0,0.0,0.0,0.0,0.0,0.0,1.797,data\patents\patents_google_com_patent_US20240025797A1_en\processed\splitted\patents_google_com_patent_US20240025797A1_en-table_5-14.csv
17.93,0.0,3.8,0.0,5.17,15.77,7.17,47.8,0.0,0.0,0.32,1.99,0.0,0.0,0.0,0.03,0.0,0.0,0.01,0.0,0.0,0.0,0.0,0.0,0.0,0.0,0.0,0.0,0.0,0.0,0.0,0.0,0.0,0.0,1.83,data\patents\patents_google_com_patent_US20240025797A1_en\processed\splitted\patents_google_com_patent_US20240025797A1_en-table_5-14.csv
16.37,0.0,5.69,0.0,4.85,14.26,7.05,49.47,0.0,0.0,0.29,1.99,0.0,0.0,0.0,0.03,0.0,0.0,0.01,0.0,0.0,0.0,0.0,0.0,0.0,0.0,0.0,0.0,0.0,0.0,0.0,0.0,0.0,0.0,1.815,data\patents\patents_google_com_patent_US20240025797A1_en\processed\splitted\patents_google_com_patent_US20240025797A1_en-table_5-14.csv
15.28,0.0,6.96,0.0,4.68,13.01,7.02,50.76,0.0,0.0,0.27,1.99,0.0,0.0,0.0,0.02,0.0,0.0,0.0,0.0,0.0,0.0,0.0,0.0,0.0,0.0,0.0,0.0,0.0,0.0,0.0,0.0,0.0,0.0,1.803,data\patents\patents_google_com_patent_US20240025797A1_en\processed\splitted\patents_google_com_patent_US20240025797A1_en-table_5-14.csv
14.26,0.0,8.06,0.0,4.6,11.58,7.06,52.18,0.0,0.0,0.24,1.99,0.0,0.0,0.0,0.02,0.0,0.0,0.0,0.0,0.0,0.0,0.0,0.0,0.0,0.0,0.0,0.0,0.0,0.0,0.0,0.0,0.0,0.0,1.791,data\patents\patents_google_com_patent_US20240025797A1_en\processed\splitted\patents_google_com_patent_US20240025797A1_en-table_5-14.csv
17.94,0.0,4.12,0.0,4.84,16.93,6.82,46.97,0.0,0.0,0.35,1.99,0.0,0.0,0.0,0.03,0.0,0.0,0.01,0.0,0.0,0.0,0.0,0.0,0.0,0.0,0.0,0.0,0.0,0.0,0.0,0.0,0.0,0.0,1.837,data\patents\patents_google_com_patent_US20240025797A1_en\processed\splitted\patents_google_com_patent_US20240025797A1_en-table_5-14.csv
17.92,0.0,4.37,0.0,4.58,17.81,6.58,46.32,0.0,0.0,0.37,1.99,0.0,0.0,0.0,0.03,0.0,0.0,0.01,0.0,0.0,0.0,0.0,0.0,0.0,0.0,0.0,0.0,0.0,0.0,0.0,0.0,0.0,0.0,1.842,data\patents\patents_google_com_patent_US20240025797A1_en\processed\splitted\patents_google_com_patent_US20240025797A1_en-table_5-15.csv
16.35,0.0,6.19,0.0,4.36,15.92,6.55,48.27,0.0,0.0,0.33,2.0,0.0,0.0,0.0,0.03,0.0,0.0,0.01,0.0,0.0,0.0,0.0,0.0,0.0,0.0,0.0,0.0,0.0,0.0,0.0,0.0,0.0,0.0,1.824,data\patents\patents_google_com_patent_US20240025797A1_en\processed\splitted\patents_google_com_patent_US20240025797A1_en-table_5-15.csv
17.93,0.0,4.64,0.0,4.32,18.7,6.32,45.67,0.0,0.0,0.39,1.99,0.0,0.0,0.0,0.03,0.0,0.0,0.01,0.0,0.0,0.0,0.0,0.0,0.0,0.0,0.0,0.0,0.0,0.0,0.0,0.0,0.0,0.0,1.847,data\patents\patents_google_com_patent_US20240025797A1_en\processed\splitted\patents_google_com_patent_US20240025797A1_en-table_5-15.csv
16.34,0.0,6.44,0.0,4.11,16.76,6.3,47.67,0.0,0.0,0.35,1.99,0.0,0.0,0.0,0.03,0.0,0.0,0.01,0.0,0.0,0.0,0.0,0.0,0.0,0.0,0.0,0.0,0.0,0.0,0.0,0.0,0.0,0.0,1.829,data\patents\patents_google_com_patent_US20240025797A1_en\processed\splitted\patents_google_com_patent_US20240025797A1_en-table_5-15.csv
15.23,0.0,7.71,0.0,3.97,15.41,6.3,49.03,0.0,0.0,0.32,1.99,0.0,0.0,0.0,0.03,0.0,0.0,0.0,0.0,0.0,0.0,0.0,0.0,0.0,0.0,0.0,0.0,0.0,0.0,0.0,0.0,0.0,0.0,1.817,data\patents\patents_google_com_patent_US20240025797A1_en\processed\splitted\patents_google_com_patent_US20240025797A1_en-table_5-15.csv
16.32,0.0,6.78,0.0,3.78,17.9,5.97,46.83,0.0,0.0,0.38,1.99,0.0,0.0,0.0,0.03,0.0,0.0,0.01,0.0,0.0,0.0,0.0,0.0,0.0,0.0,0.0,0.0,0.0,0.0,0.0,0.0,0.0,0.0,1.836,data\patents\patents_google_com_patent_US20240025797A1_en\processed\splitted\patents_google_com_patent_US20240025797A1_en-table_5-15.csv
15.2,0.0,8.06,0.0,3.65,16.51,5.97,48.24,0.0,0.0,0.34,1.99,0.0,0.0,0.0,0.03,0.0,0.0,0.01,0.0,0.0,0.0,0.0,0.0,0.0,0.0,0.0,0.0,0.0,0.0,0.0,0.0,0.0,0.0,1.823,data\patents\patents_google_com_patent_US20240025797A1_en\processed\splitted\patents_google_com_patent_US20240025797A1_en-table_5-15.csv
14.15,0.0,9.24,0.0,3.52,15.19,5.97,49.58,0.0,0.0,0.31,2.0,0.0,0.0,0.0,0.03,0.0,0.0,0.0,0.0,0.0,0.0,0.0,0.0,0.0,0.0,0.0,0.0,0.0,0.0,0.0,0.0,0.0,0.0,1.811,data\patents\patents_google_com_patent_US20240025797A1_en\processed\splitted\patents_google_com_patent_US20240025797A1_en-table_5-15.csv
17.14,0.0,4.97,0.0,4.8,15.71,6.89,48.16,0.0,0.0,0.3,1.99,0.0,0.0,0.0,0.03,0.0,0.0,0.01,0.0,0.0,0.0,0.0,0.0,0.0,0.0,0.0,0.0,0.0,0.0,0.0,0.0,0.0,0.0,1.826,data\patents\patents_google_com_patent_US20240025797A1_en\processed\splitted\patents_google_com_patent_US20240025797A1_en-table_5-15.csv
15.99,0.0,6.28,0.0,4.63,14.38,6.86,49.52,0.0,0.0,0.3,2.0,0.0,0.0,0.0,0.03,0.0,0.0,0.01,0.0,0.0,0.0,0.0,0.0,0.0,0.0,0.0,0.0,0.0,0.0,0.0,0.0,0.0,0.0,1.814,data\patents\patents_google_com_patent_US20240025797A1_en\processed\splitted\patents_google_com_patent_US20240025797A1_en-table_5-15.csv
14.92,0.0,7.53,0.0,4.48,13.13,6.84,50.83,0.0,0.0,0.27,1.99,0.0,0.0,0.0,0.02,0.0,0.0,0.0,0.0,0.0,0.0,0.0,0.0,0.0,0.0,0.0,0.0,0.0,0.0,0.0,0.0,0.0,0.0,1.802,data\patents\patents_google_com_patent_US20240025797A1_en\processed\splitted\patents_google_com_patent_US20240025797A1_en-table_5-16.csv
13.91,0.0,8.69,0.0,4.32,11.96,6.82,52.04,0.0,0.0,0.25,1.99,0.0,0.0,0.0,0.02,0.0,0.0,0.0,0.0,0.0,0.0,0.0,0.0,0.0,0.0,0.0,0.0,0.0,0.0,0.0,0.0,0.0,0.0,1.791,data\patents\patents_google_com_patent_US20240025797A1_en\processed\splitted\patents_google_com_patent_US20240025797A1_en-table_5-16.csv
15.98,0.0,6.53,0.0,4.39,15.2,6.64,48.93,0.0,0.0,0.31,1.99,0.0,0.0,0.0,0.03,0.0,0.0,0.01,0.0,0.0,0.0,0.0,0.0,0.0,0.0,0.0,0.0,0.0,0.0,0.0,0.0,0.0,0.0,1.819,data\patents\patents_google_com_patent_US20240025797A1_en\processed\splitted\patents_google_com_patent_US20240025797A1_en-table_5-16.csv
14.9,0.0,7.78,0.0,4.24,13.91,6.62,50.23,0.0,0.0,0.29,1.99,0.0,0.0,0.0,0.03,0.0,0.0,0.0,0.0,0.0,0.0,0.0,0.0,0.0,0.0,0.0,0.0,0.0,0.0,0.0,0.0,0.0,0.0,1.807,data\patents\patents_google_com_patent_US20240025797A1_en\processed\splitted\patents_google_com_patent_US20240025797A1_en-table_5-16.csv
13.88,0.0,8.94,0.0,4.1,12.71,6.6,51.48,0.0,0.0,0.26,2.0,0.0,0.0,0.0,0.02,0.0,0.0,0.0,0.0,0.0,0.0,0.0,0.0,0.0,0.0,0.0,0.0,0.0,0.0,0.0,0.0,0.0,0.0,1.796,data\patents\patents_google_com_patent_US20240025797A1_en\processed\splitted\patents_google_com_patent_US20240025797A1_en-table_5-16.csv
14.88,0.0,8.03,0.0,4.0,14.71,6.38,49.66,0.0,0.0,0.3,2.0,0.0,0.0,0.0,0.03,0.0,0.0,0.0,0.0,0.0,0.0,0.0,0.0,0.0,0.0,0.0,0.0,0.0,0.0,0.0,0.0,0.0,0.0,1.811,data\patents\patents_google_com_patent_US20240025797A1_en\processed\splitted\patents_google_com_patent_US20240025797A1_en-table_5-16.csv
13.86,0.0,9.19,0.0,3.86,13.48,6.37,50.93,0.0,0.0,0.28,1.99,0.0,0.0,0.0,0.03,0.0,0.0,0.0,0.0,0.0,0.0,0.0,0.0,0.0,0.0,0.0,0.0,0.0,0.0,0.0,0.0,0.0,0.0,1.8,data\patents\patents_google_com_patent_US20240025797A1_en\processed\splitted\patents_google_com_patent_US20240025797A1_en-table_5-16.csv
13.83,0.0,9.45,0.0,3.63,14.25,6.13,50.38,0.0,0.0,0.3,2.0,0.0,0.0,0.0,0.03,0.0,0.0,0.0,0.0,0.0,0.0,0.0,0.0,0.0,0.0,0.0,0.0,0.0,0.0,0.0,0.0,0.0,0.0,1.804,data\patents\patents_google_com_patent_US20240025797A1_en\processed\splitted\patents_google_com_patent_US20240025797A1_en-table_5-16.csv
12.95,0.0,9.88,0.0,4.1,11.09,6.73,53.02,0.0,0.0,0.23,1.99,0.0,0.0,0.0,0.02,0.0,0.0,0.0,0.0,0.0,0.0,0.0,0.0,0.0,0.0,0.0,0.0,0.0,0.0,0.0,0.0,0.0,0.0,1.782,data\patents\patents_google_com_patent_US20240025797A1_en\processed\splitted\patents_google_com_patent_US20240025797A1_en-table_5-16.csv
13.23,0.0,9.77,0.0,3.92,12.2,6.51,52.1,0.0,0.0,0.25,2.0,0.0,0.0,0.0,0.02,0.0,0.0,0.0,0.0,0.0,0.0,0.0,0.0,0.0,0.0,0.0,0.0,0.0,0.0,0.0,0.0,0.0,0.0,1.79,data\patents\patents_google_com_patent_US20240025797A1_en\processed\splitted\patents_google_com_patent_US20240025797A1_en-table_5-16.csv
12.01,0.0,11.17,0.0,3.75,10.73,6.49,53.61,0.0,0.0,0.22,1.99,0.0,0.0,0.0,0.02,0.0,0.0,0.0,0.0,0.0,0.0,0.0,0.0,0.0,0.0,0.0,0.0,0.0,0.0,0.0,0.0,0.0,0.0,1.777,data\patents\patents_google_com_patent_US20240025797A1_en\processed\splitted\patents_google_com_patent_US20240025797A1_en-table_5-17.csv
13.2,0.0,10.02,0.0,3.7,12.95,6.28,51.56,0.0,0.0,0.27,1.99,0.0,0.0,0.0,0.02,0.0,0.0,0.0,0.0,0.0,0.0,0.0,0.0,0.0,0.0,0.0,0.0,0.0,0.0,0.0,0.0,0.0,0.0,1.794,data\patents\patents_google_com_patent_US20240025797A1_en\processed\splitted\patents_google_com_patent_US20240025797A1_en-table_5-17.csv
12.28,0.0,11.08,0.0,3.57,11.82,6.27,52.72,0.0,0.0,0.24,2.0,0.0,0.0,0.0,0.02,0.0,0.0,0.0,0.0,0.0,0.0,0.0,0.0,0.0,0.0,0.0,0.0,0.0,0.0,0.0,0.0,0.0,0.0,1.784,data\patents\patents_google_com_patent_US20240025797A1_en\processed\splitted\patents_google_com_patent_US20240025797A1_en-table_5-17.csv
11.11,0.0,12.4,0.0,3.41,10.4,6.26,54.18,0.0,0.0,0.22,1.99,0.0,0.0,0.0,0.02,0.0,0.0,0.0,0.0,0.0,0.0,0.0,0.0,0.0,0.0,0.0,0.0,0.0,0.0,0.0,0.0,0.0,0.0,1.771,data\patents\patents_google_com_patent_US20240025797A1_en\processed\splitted\patents_google_com_patent_US20240025797A1_en-table_5-17.csv
12.84,0.0,10.72,0.0,3.35,13.56,5.99,51.23,0.0,0.0,0.28,1.99,0.0,0.0,0.0,0.03,0.0,0.0,0.0,0.0,0.0,0.0,0.0,0.0,0.0,0.0,0.0,0.0,0.0,0.0,0.0,0.0,0.0,0.0,1.796,data\patents\patents_google_com_patent_US20240025797A1_en\processed\splitted\patents_google_com_patent_US20240025797A1_en-table_5-17.csv
11.93,0.0,11.75,0.0,3.23,12.41,5.99,52.41,0.0,0.0,0.25,1.99,0.0,0.0,0.0,0.02,0.0,0.0,0.0,0.0,0.0,0.0,0.0,0.0,0.0,0.0,0.0,0.0,0.0,0.0,0.0,0.0,0.0,0.0,1.786,data\patents\patents_google_com_patent_US20240025797A1_en\processed\splitted\patents_google_com_patent_US20240025797A1_en-table_5-17.csv
11.06,0.0,12.74,0.0,3.13,11.33,5.99,53.49,0.0,0.0,0.24,2.0,0.0,0.0,0.0,0.02,0.0,0.0,0.0,0.0,0.0,0.0,0.0,0.0,0.0,0.0,0.0,0.0,0.0,0.0,0.0,0.0,0.0,0.0,1.776,data\patents\patents_google_com_patent_US20240025797A1_en\processed\splitted\patents_google_com_patent_US20240025797A1_en-table_5-17.csv
9.98,0.0,13.97,0.0,2.99,9.98,5.99,54.88,0.0,0.0,0.21,1.99,0.0,0.0,0.0,0.02,0.0,0.0,0.0,0.0,0.0,0.0,0.0,0.0,0.0,0.0,0.0,0.0,0.0,0.0,0.0,0.0,0.0,0.0,1.764,data\patents\patents_google_com_patent_US20240025797A1_en\processed\splitted\patents_google_com_patent_US20240025797A1_en-table_5-17.csv
5.98,0.0,4.98,0.0,0.0,14.94,11.96,44.83,0.0,0.0,0.31,2.0,0.0,0.0,0.0,0.03,0.0,0.0,0.0,0.0,0.0,0.0,0.0,0.0,3.88,11.06,0.02,0.0,0.0,0.0,0.0,0.0,0.0,0.0,1.83,data\patents\patents_google_com_patent_US20240025797A1_en\processed\splitted\patents_google_com_patent_US20240025797A1_en-table_5-17.csv
7.27,0.0,6.28,0.0,0.0,14.94,11.95,44.84,0.0,0.0,0.31,2.64,0.0,0.0,0.0,0.03,0.0,0.0,0.0,0.0,0.0,0.0,0.0,0.0,2.06,9.66,0.01,0.0,0.0,0.0,0.0,0.0,0.0,0.0,1.825,data\patents\patents_google_com_patent_US20240025797A1_en\processed\splitted\patents_google_com_patent_US20240025797A1_en-table_5-17.csv
5.98,0.0,4.98,0.0,0.0,14.94,11.96,44.82,0.0,0.0,0.31,2.0,0.0,0.0,0.0,0.04,0.0,0.0,0.0,0.0,0.0,0.0,0.0,0.0,5.65,9.28,0.03,0.0,0.0,0.0,0.0,0.0,0.0,0.0,1.833,data\patents\patents_google_com_patent_US20240025797A1_en\processed\splitted\patents_google_com_patent_US20240025797A1_en-table_5-18.csv
7.29,0.0,6.29,0.0,0.0,14.94,11.96,44.84,0.0,0.0,0.31,2.65,0.0,0.0,0.0,0.03,0.0,0.0,0.0,0.0,0.0,0.0,0.0,0.0,3.67,7.99,0.02,0.0,0.0,0.0,0.0,0.0,0.0,0.0,1.828,data\patents\patents_google_com_patent_US20240025797A1_en\processed\splitted\patents_google_com_patent_US20240025797A1_en-table_5-18.csv
7.34,0.0,6.34,0.02,0.0,14.93,11.95,44.82,0.0,0.0,0.31,2.68,0.0,0.0,0.0,0.03,0.0,0.0,0.0,0.0,0.0,0.0,0.0,0.0,7.06,4.46,0.04,0.0,0.0,0.0,0.0,0.0,0.0,0.0,1.834,data\patents\patents_google_com_patent_US20240025797A1_en\processed\splitted\patents_google_com_patent_US20240025797A1_en-table_5-18.csv
5.98,0.0,4.98,0.02,0.0,14.93,11.94,44.81,0.0,0.0,0.3,1.99,0.0,0.0,0.0,0.02,0.0,0.0,0.0,0.0,0.0,0.0,0.0,0.0,12.1,2.84,0.07,0.0,0.0,0.0,0.0,0.0,0.0,0.0,1.845,data\patents\patents_google_com_patent_US20240025797A1_en\processed\splitted\patents_google_com_patent_US20240025797A1_en-table_5-18.csv
7.37,0.0,6.38,0.02,0.0,14.94,11.95,44.81,0.0,0.0,0.31,2.69,0.0,0.0,0.0,0.02,0.0,0.0,0.0,0.0,0.0,0.0,0.0,0.0,8.86,2.6,0.06,0.0,0.0,0.0,0.0,0.0,0.0,0.0,1.838,data\patents\patents_google_com_patent_US20240025797A1_en\processed\splitted\patents_google_com_patent_US20240025797A1_en-table_5-18.csv
8.27,0.0,7.27,0.02,0.0,14.93,11.96,44.82,0.0,0.0,0.3,3.14,0.0,0.0,0.0,0.03,0.0,0.0,0.0,0.0,0.0,0.0,0.0,0.0,6.77,2.44,0.04,0.0,0.0,0.0,0.0,0.0,0.0,0.0,1.833,data\patents\patents_google_com_patent_US20240025797A1_en\processed\splitted\patents_google_com_patent_US20240025797A1_en-table_5-18.csv
5.98,0.0,4.98,0.02,0.0,14.93,11.94,44.79,0.0,0.0,0.31,2.0,0.0,0.0,0.0,0.03,0.0,0.0,0.0,0.0,0.0,0.0,0.0,0.0,14.93,0.0,0.09,0.0,0.0,0.0,0.0,0.0,0.0,0.0,1.85,data\patents\patents_google_com_patent_US20240025797A1_en\processed\splitted\patents_google_com_patent_US20240025797A1_en-table_5-18.csv
8.32,0.0,7.32,0.02,0.0,14.93,11.96,44.81,0.0,0.0,0.31,3.16,0.0,0.0,0.0,0.04,0.0,0.0,0.0,0.0,0.0,0.0,0.0,0.0,9.07,0.0,0.06,0.0,0.0,0.0,0.0,0.0,0.0,0.0,1.837,data\patents\patents_google_com_patent_US20240025797A1_en\processed\splitted\patents_google_com_patent_US20240025797A1_en-table_5-18.csv
9.14,0.0,8.13,0.02,0.0,14.94,11.96,44.81,0.0,0.0,0.31,3.57,0.0,0.0,0.0,0.03,0.0,0.0,0.0,0.0,0.0,0.0,0.0,0.0,7.04,0.0,0.04,0.0,0.0,0.0,0.0,0.0,0.0,0.0,1.832,data\patents\patents_google_com_patent_US20240025797A1_en\processed\splitted\patents_google_com_patent_US20240025797A1_en-table_5-18.csv
6.67,0.0,5.68,0.02,0.0,14.93,11.95,44.82,0.0,0.0,0.31,2.34,0.0,0.0,0.0,0.03,0.0,0.0,0.0,0.0,0.0,0.0,0.0,0.0,6.08,7.13,0.03,0.0,0.0,0.0,0.0,0.0,0.0,0.0,1.833,data\patents\patents_google_com_patent_US20240025797A1_en\processed\splitted\patents_google_com_patent_US20240025797A1_en-table_5-18.csv
7.61,0.0,6.61,0.0,0.0,14.94,11.96,44.83,0.0,0.0,0.31,2.81,0.0,0.0,0.0,0.03,0.0,0.0,0.0,0.0,0.0,0.0,0.0,0.0,4.16,6.71,0.03,0.0,0.0,0.0,0.0,0.0,0.0,0.0,1.828,data\patents\patents_google_com_patent_US20240025797A1_en\processed\splitted\patents_google_com_patent_US20240025797A1_en-table_5-19.csv
8.45,0.0,7.45,0.0,0.0,14.94,11.96,44.84,0.0,0.0,0.31,3.23,0.0,0.0,0.0,0.03,0.0,0.0,0.0,0.0,0.0,0.0,0.0,0.0,2.45,6.33,0.01,0.0,0.0,0.0,0.0,0.0,0.0,0.0,1.824,data\patents\patents_google_com_patent_US20240025797A1_en\processed\splitted\patents_google_com_patent_US20240025797A1_en-table_5-19.csv
7.64,0.0,6.65,0.0,0.0,14.94,11.96,44.82,0.0,0.0,0.3,2.83,0.0,0.0,0.0,0.03,0.0,0.0,0.0,0.0,0.0,0.0,0.0,0.0,5.82,4.97,0.03,0.0,0.0,0.0,0.0,0.0,0.0,0.0,1.832,data\patents\patents_google_com_patent_US20240025797A1_en\processed\splitted\patents_google_com_patent_US20240025797A1_en-table_5-19.csv
8.53,0.0,7.54,0.0,0.0,14.94,11.96,44.83,0.0,0.0,0.31,3.27,0.0,0.0,0.0,0.03,0.0,0.0,0.0,0.0,0.0,0.0,0.0,0.0,5.58,2.98,0.03,0.0,0.0,0.0,0.0,0.0,0.0,0.0,1.83,data\patents\patents_google_com_patent_US20240025797A1_en\processed\splitted\patents_google_com_patent_US20240025797A1_en-table_5-19.csv
9.3,0.0,8.3,0.0,0.0,14.95,11.95,44.84,0.0,0.0,0.31,3.65,0.0,0.0,0.0,0.03,0.0,0.0,0.0,0.0,0.0,0.0,0.0,0.0,3.84,2.81,0.02,0.0,0.0,0.0,0.0,0.0,0.0,0.0,1.826,data\patents\patents_google_com_patent_US20240025797A1_en\processed\splitted\patents_google_com_patent_US20240025797A1_en-table_5-19.csv
9.35,0.0,8.35,0.0,0.0,14.94,11.95,44.84,0.0,0.0,0.31,3.68,0.0,0.0,0.0,0.03,0.0,0.0,0.0,0.0,0.0,0.0,0.0,0.0,5.37,1.14,0.03,0.0,0.0,0.0,0.0,0.0,0.0,0.0,1.829,data\patents\patents_google_com_patent_US20240025797A1_en\processed\splitted\patents_google_com_patent_US20240025797A1_en-table_5-19.csv
9.78,0.0,8.78,0.0,0.0,14.94,11.95,44.84,0.0,0.0,0.31,3.89,0.0,0.0,0.0,0.03,0.0,0.0,0.0,0.0,0.0,0.0,0.0,0.0,3.26,2.18,0.02,0.0,0.0,0.0,0.0,0.0,0.0,0.0,1.825,data\patents\patents_google_com_patent_US20240025797A1_en\processed\splitted\patents_google_com_patent_US20240025797A1_en-table_5-19.csv
10.09,0.0,9.1,0.0,0.0,14.94,11.96,44.83,0.0,0.0,0.31,4.04,0.0,0.0,0.0,0.03,0.0,0.0,0.0,0.0,0.0,0.0,0.0,0.0,4.67,0.0,0.03,0.0,0.0,0.0,0.0,0.0,0.0,0.0,1.827,data\patents\patents_google_com_patent_US20240025797A1_en\processed\splitted\patents_google_com_patent_US20240025797A1_en-table_5-19.csv
17.92,0.0,4.98,0.0,3.98,19.91,5.97,44.79,0.0,0.0,0.42,1.99,0.0,0.0,0.0,0.04,0.0,0.0,0.01,0.0,0.0,0.0,0.0,0.0,0.0,0.0,0.0,0.0,0.0,0.0,0.0,0.0,0.0,0.0,1.854,data\patents\patents_google_com_patent_US20240025797A1_en\processed\splitted\patents_google_com_patent_US20240025797A1_en-table_5-19.csv
9.49,0.0,9.49,4.0,3.99,4.0,3.99,37.96,0.0,0.0,3.99,9.49,0.0,0.03,0.0,0.01,0.0,0.0,0.0,0.01,0.0,0.0,0.0,0.0,9.49,3.99,0.06,0.0,0.0,0.0,0.0,0.0,0.0,0.0,1.932,data\patents\patents_google_com_patent_US20240025797A1_en\processed\splitted\patents_google_com_patent_US20240025797A1_en-table_5-19.csv
14.97,0.0,2.99,6.26,5.36,4.99,7.34,49.9,0.0,0.0,0.01,7.98,0.0,0.13,0.0,0.05,0.0,0.0,0.0,0.01,0.0,0.0,0.0,0.0,0.0,0.0,0.0,0.0,0.0,0.0,0.0,0.0,0.0,0.0,1.797,data\patents\patents_google_com_patent_US20240025797A1_en\processed\splitted\patents_google_com_patent_US20240025797A1_en-table_5-2.csv
14.98,0.0,3.0,3.06,4.45,4.99,11.45,49.93,0.0,0.0,0.01,7.99,0.0,0.08,0.0,0.05,0.0,0.0,0.0,0.01,0.0,0.0,0.0,0.0,0.0,0.0,0.0,0.0,1.775,0.0,0.0,0.0,0.0,0.0,1.79,data\patents\patents_google_com_patent_US20240025797A1_en\processed\splitted\patents_google_com_patent_US20240025797A1_en-table_5-2.csv
14.96,0.0,2.99,6.8,3.27,4.99,8.9,49.89,0.0,0.0,0.01,7.99,0.0,0.13,0.0,0.05,0.0,0.0,0.0,0.01,0.0,0.0,0.0,0.0,0.0,0.0,0.0,0.0,1.7746,0.0,0.0,0.0,0.0,0.0,1.799,data\patents\patents_google_com_patent_US20240025797A1_en\processed\splitted\patents_google_com_patent_US20240025797A1_en-table_5-2.csv
14.96,0.0,2.99,7.9,0.4,4.99,10.66,49.89,0.0,0.0,0.01,7.98,0.0,0.15,0.0,0.05,0.0,0.0,0.0,0.01,0.0,0.0,0.0,0.0,0.0,0.0,0.0,0.0,1.7896,0.0,0.0,0.0,0.0,0.0,1.803,data\patents\patents_google_com_patent_US20240025797A1_en\processed\splitted\patents_google_com_patent_US20240025797A1_en-table_5-2.csv
14.98,0.0,2.99,4.17,6.44,7.98,8.34,49.92,0.0,0.0,0.16,4.99,0.0,0.0,0.0,0.02,0.0,0.0,0.0,0.0,0.0,0.0,0.0,0.0,0.0,0.0,0.0,0.0,1.783,0.0,0.0,0.0,0.0,0.0,1.787,data\patents\patents_google_com_patent_US20240025797A1_en\processed\splitted\patents_google_com_patent_US20240025797A1_en-table_5-2.csv
14.96,0.0,2.99,0.0,6.43,12.15,8.33,49.88,0.0,0.0,0.25,4.99,0.0,0.0,0.0,0.02,0.0,0.0,0.0,0.0,0.0,0.0,0.0,0.0,0.0,0.0,0.0,0.0,1.7827,0.0,0.0,0.0,0.0,0.0,1.79,data\patents\patents_google_com_patent_US20240025797A1_en\processed\splitted\patents_google_com_patent_US20240025797A1_en-table_5-2.csv
17.95,0.0,2.99,0.0,6.44,12.15,8.33,49.87,0.0,0.0,0.25,1.99,0.0,0.0,0.0,0.02,0.0,0.0,0.01,0.0,0.0,0.0,0.0,0.0,0.0,0.0,0.0,0.0,1.809,0.0,0.0,0.0,0.0,0.0,1.811,data\patents\patents_google_com_patent_US20240025797A1_en\processed\splitted\patents_google_com_patent_US20240025797A1_en-table_5-2.csv
14.96,0.0,5.98,0.0,6.44,12.15,8.33,49.87,0.0,0.0,0.25,1.99,0.0,0.0,0.0,0.02,0.0,0.0,0.0,0.0,0.0,0.0,0.0,0.0,0.0,0.0,0.0,0.0,1.7898,0.0,0.0,0.0,0.0,0.0,1.792,data\patents\patents_google_com_patent_US20240025797A1_en\processed\splitted\patents_google_com_patent_US20240025797A1_en-table_5-2.csv
14.96,0.0,3.0,0.0,6.43,12.15,8.31,49.86,0.0,0.0,0.25,2.0,0.0,0.0,0.0,0.02,0.0,0.0,0.01,0.0,0.0,0.0,0.0,0.0,2.99,0.0,0.02,0.0,1.787,0.0,0.0,0.0,0.0,0.0,1.806,data\patents\patents_google_com_patent_US20240025797A1_en\processed\splitted\patents_google_com_patent_US20240025797A1_en-table_5-2.csv
17.33,0.0,4.55,0.0,0.0,8.47,16.91,49.9,0.0,0.0,0.17,2.64,0.0,0.0,0.0,0.02,0.0,0.0,0.0,0.0,0.0,0.0,0.0,0.0,0.0,0.0,0.0,0.0,0.0,0.0,0.0,0.0,0.0,0.0,1.806,data\patents\patents_google_com_patent_US20240025797A1_en\processed\splitted\patents_google_com_patent_US20240025797A1_en-table_5-2.csv
15.82,0.0,4.57,0.0,0.0,14.34,10.99,49.83,0.0,0.0,0.3,4.11,0.0,0.0,0.0,0.03,0.0,0.0,0.0,0.0,0.0,0.0,0.0,0.0,0.0,0.0,0.0,0.0,0.0,0.0,0.0,0.0,0.0,0.0,1.814,data\patents\patents_google_com_patent_US20240025797A1_en\processed\splitted\patents_google_com_patent_US20240025797A1_en-table_5-3.csv
15.07,0.0,4.57,0.0,0.0,17.31,8.01,49.8,0.0,0.0,0.36,4.85,0.0,0.0,0.0,0.03,0.0,0.0,0.01,0.0,0.0,0.0,0.0,0.0,0.0,0.0,0.0,0.0,0.0,0.0,0.0,0.0,0.0,0.0,1.818,data\patents\patents_google_com_patent_US20240025797A1_en\processed\splitted\patents_google_com_patent_US20240025797A1_en-table_5-3.csv
15.95,0.0,6.1,0.0,0.0,11.85,11.96,49.86,0.0,0.0,0.25,4.0,0.0,0.0,0.0,0.02,0.0,0.0,0.0,0.0,0.0,0.0,0.0,0.0,0.0,0.0,0.0,0.0,0.0,0.0,0.0,0.0,0.0,0.0,1.816,data\patents\patents_google_com_patent_US20240025797A1_en\processed\splitted\patents_google_com_patent_US20240025797A1_en-table_5-3.csv
16.19,0.0,7.97,0.0,0.0,8.46,13.51,49.91,0.0,0.0,0.17,3.77,0.0,0.0,0.0,0.02,0.0,0.0,0.0,0.0,0.0,0.0,0.0,0.0,0.0,0.0,0.0,0.0,0.0,0.0,0.0,0.0,0.0,0.0,1.817,data\patents\patents_google_com_patent_US20240025797A1_en\processed\splitted\patents_google_com_patent_US20240025797A1_en-table_5-3.csv
15.09,0.0,11.26,0.0,0.0,8.45,10.23,49.9,0.0,0.0,0.17,4.87,0.0,0.0,0.0,0.02,0.0,0.0,0.0,0.0,0.0,0.0,0.0,0.0,0.0,0.0,0.0,0.0,0.0,0.0,0.0,0.0,0.0,0.0,1.828,data\patents\patents_google_com_patent_US20240025797A1_en\processed\splitted\patents_google_com_patent_US20240025797A1_en-table_5-3.csv
3.99,0.0,7.0,0.0,0.0,12.55,11.97,47.86,15.35,0.0,0.26,0.99,0.0,0.0,0.0,0.03,0.0,0.0,0.0,0.0,0.0,0.0,0.0,0.0,0.0,0.0,0.0,0.0,0.0,0.0,0.0,0.0,0.0,0.0,1.701,data\patents\patents_google_com_patent_US20240025797A1_en\processed\splitted\patents_google_com_patent_US20240025797A1_en-table_5-3.csv
3.99,0.0,9.53,0.0,0.0,8.83,11.97,47.9,16.57,0.0,0.18,1.0,0.0,0.0,0.0,0.02,0.0,0.0,0.0,0.0,0.0,0.0,0.0,0.0,0.0,0.0,0.0,0.0,0.0,0.0,0.0,0.0,0.0,0.0,1.706,data\patents\patents_google_com_patent_US20240025797A1_en\processed\splitted\patents_google_com_patent_US20240025797A1_en-table_5-3.csv
3.99,0.0,13.23,0.0,0.0,12.53,11.96,47.87,9.13,0.0,0.26,1.0,0.0,0.0,0.0,0.03,0.0,0.0,0.0,0.0,0.0,0.0,0.0,0.0,0.0,0.0,0.0,0.0,0.0,0.0,0.0,0.0,0.0,0.0,1.721,data\patents\patents_google_com_patent_US20240025797A1_en\processed\splitted\patents_google_com_patent_US20240025797A1_en-table_5-3.csv
3.99,0.0,14.53,0.0,0.0,8.74,11.98,47.9,11.65,0.0,0.18,1.0,0.0,0.0,0.0,0.02,0.0,0.0,0.0,0.0,0.0,0.0,0.0,0.0,0.0,0.0,0.0,0.0,0.0,0.0,0.0,0.0,0.0,0.0,1.722,data\patents\patents_google_com_patent_US20240025797A1_en\processed\splitted\patents_google_com_patent_US20240025797A1_en-table_5-3.csv
3.99,0.0,11.57,0.0,0.0,9.62,11.97,47.9,13.73,0.0,0.2,1.0,0.0,0.0,0.0,0.02,0.0,0.0,0.0,0.0,0.0,0.0,0.0,0.0,0.0,0.0,0.0,0.0,0.0,0.0,0.0,0.0,0.0,0.0,1.713,data\patents\patents_google_com_patent_US20240025797A1_en\processed\splitted\patents_google_com_patent_US20240025797A1_en-table_5-3.csv
8.15,0.0,7.16,0.0,0.0,14.94,11.96,44.84,0.0,0.0,0.31,3.08,0.0,0.0,0.0,0.03,0.0,0.0,0.0,0.0,0.0,0.0,0.0,0.0,1.98,7.53,0.01,0.0,0.0,0.0,0.0,0.0,0.0,0.0,1.824,data\patents\patents_google_com_patent_US20240025797A1_en\processed\splitted\patents_google_com_patent_US20240025797A1_en-table_5-4.csv
5.98,0.0,4.98,0.02,0.0,14.93,11.95,44.82,0.0,0.0,0.31,1.99,0.0,0.0,0.0,0.02,0.0,0.0,0.0,0.0,0.0,0.0,0.0,0.0,10.07,4.86,0.06,0.0,0.0,0.0,0.0,0.0,0.0,0.0,1.841,data\patents\patents_google_com_patent_US20240025797A1_en\processed\splitted\patents_google_com_patent_US20240025797A1_en-table_5-4.csv
7.4,0.0,6.4,0.02,0.0,14.94,11.95,44.82,0.0,0.0,0.31,2.7,0.0,0.0,0.0,0.02,0.0,0.0,0.0,0.0,0.0,0.0,0.0,0.0,11.37,0.0,0.06,0.0,0.0,0.0,0.0,0.0,0.0,0.0,1.842,data\patents\patents_google_com_patent_US20240025797A1_en\processed\splitted\patents_google_com_patent_US20240025797A1_en-table_5-4.csv
8.49,0.0,7.5,0.0,0.0,14.94,11.95,44.83,0.0,0.0,0.31,3.25,0.0,0.0,0.0,0.03,0.0,0.0,0.0,0.0,0.0,0.0,0.0,0.0,3.99,4.68,0.03,0.0,0.0,0.0,0.0,0.0,0.0,0.0,1.827,data\patents\patents_google_com_patent_US20240025797A1_en\processed\splitted\patents_google_com_patent_US20240025797A1_en-table_5-4.csv
11.18,0.0,10.19,0.0,0.0,14.94,11.95,44.86,0.0,0.0,0.31,4.59,0.0,0.0,0.0,0.03,0.0,0.0,0.0,0.0,0.0,0.0,0.0,0.0,0.0,1.94,0.0,0.0,0.0,0.0,0.0,0.0,0.0,0.0,1.817,data\patents\patents_google_com_patent_US20240025797A1_en\processed\splitted\patents_google_com_patent_US20240025797A1_en-table_5-4.csv
14.98,0.0,2.99,4.17,6.44,7.98,8.34,49.92,0.0,0.0,0.16,4.99,0.0,0.0,0.0,0.02,0.0,0.0,0.0,0.0,0.0,0.0,0.0,0.0,0.0,0.0,0.0,0.0,0.0,0.0,0.0,0.0,0.0,0.0,1.787,data\patents\patents_google_com_patent_US20240025797A1_en\processed\splitted\patents_google_com_patent_US20240025797A1_en-table_5-4.csv
17.95,0.0,2.99,0.0,6.44,12.15,8.33,49.87,0.0,0.0,0.25,1.99,0.0,0.0,0.0,0.02,0.0,0.0,0.01,0.0,0.0,0.0,0.0,0.0,0.0,0.0,0.0,0.0,0.0,0.0,0.0,0.0,0.0,0.0,1.811,data\patents\patents_google_com_patent_US20240025797A1_en\processed\splitted\patents_google_com_patent_US20240025797A1_en-table_5-4.csv
14.96,0.0,5.98,0.0,6.44,12.15,8.33,49.87,0.0,0.0,0.25,1.99,0.0,0.0,0.0,0.02,0.0,0.0,0.0,0.0,0.0,0.0,0.0,0.0,0.0,0.0,0.0,0.0,0.0,0.0,0.0,0.0,0.0,0.0,1.792,data\patents\patents_google_com_patent_US20240025797A1_en\processed\splitted\patents_google_com_patent_US20240025797A1_en-table_5-4.csv
14.97,0.0,3.0,6.6,6.37,7.98,5.98,49.9,0.0,0.0,0.16,4.99,0.0,0.03,0.0,0.02,0.0,0.0,0.0,0.0,0.0,0.0,0.0,0.0,0.0,0.0,0.0,0.0,0.0,0.0,0.0,0.0,0.0,0.0,1.792,data\patents\patents_google_com_patent_US20240025797A1_en\processed\splitted\patents_google_com_patent_US20240025797A1_en-table_5-4.csv
14.98,0.0,3.0,3.36,5.67,7.98,9.9,49.93,0.0,0.0,0.16,4.99,0.0,0.0,0.0,0.02,0.0,0.0,0.0,0.0,0.0,0.0,0.0,0.0,0.0,0.0,0.0,0.0,0.0,0.0,0.0,0.0,0.0,0.0,1.785,data\patents\patents_google_com_patent_US20240025797A1_en\processed\splitted\patents_google_com_patent_US20240025797A1_en-table_5-4.csv
9.16,0.0,8.17,2.01,3.0,10.0,5.97,44.97,0.0,3.01,3.0,3.59,0.0,0.0,0.0,0.02,0.0,0.0,0.0,0.0,0.0,0.0,0.0,0.0,7.07,0.0,0.04,0.0,0.0,0.0,0.0,0.0,0.0,0.0,1.834,data\patents\patents_google_com_patent_US20240025797A1_en\processed\splitted\patents_google_com_patent_US20240025797A1_en-table_5-5.csv
8.93,0.0,7.93,2.0,3.0,10.0,5.99,44.99,0.0,3.01,3.0,3.47,0.0,0.0,0.0,0.02,0.0,0.0,0.0,0.0,0.0,0.0,0.0,0.0,0.0,7.67,0.0,0.0,0.0,0.0,0.0,0.0,0.0,0.0,1.821,data\patents\patents_google_com_patent_US20240025797A1_en\processed\splitted\patents_google_com_patent_US20240025797A1_en-table_5-5.csv
12.0,0.0,11.0,2.0,3.0,10.0,5.97,45.01,0.0,3.0,3.0,4.99,0.0,0.0,0.0,0.02,0.0,0.0,0.0,0.0,0.0,0.0,0.0,0.0,0.0,0.0,0.0,0.0,0.0,0.0,0.0,0.0,0.0,0.0,1.818,data\patents\patents_google_com_patent_US20240025797A1_en\processed\splitted\patents_google_com_patent_US20240025797A1_en-table_5-5.csv
17.75,0.0,3.39,1.5,6.0,5.49,6.1,50.02,0.0,6.0,1.5,2.25,0.0,0.0,0.0,0.01,0.0,0.0,0.0,0.0,0.0,0.0,0.0,0.0,0.0,0.0,0.0,0.0,0.0,0.0,0.0,0.0,0.0,0.0,1.804,data\patents\patents_google_com_patent_US20240025797A1_en\processed\splitted\patents_google_com_patent_US20240025797A1_en-table_5-5.csv
15.13,0.0,3.4,4.0,2.0,10.96,3.62,49.99,0.0,2.0,3.99,4.87,0.0,0.0,0.0,0.02,0.0,0.0,0.0,0.0,0.0,0.0,0.0,0.0,0.0,0.0,0.0,0.0,0.0,0.0,0.0,0.0,0.0,0.0,1.817,data\patents\patents_google_com_patent_US20240025797A1_en\processed\splitted\patents_google_com_patent_US20240025797A1_en-table_5-5.csv
16.38,0.0,3.79,2.0,4.0,9.42,4.77,50.01,0.0,4.0,2.0,3.62,0.0,0.0,0.0,0.02,0.0,0.0,0.0,0.0,0.0,0.0,0.0,0.0,0.0,0.0,0.0,0.0,0.0,0.0,0.0,0.0,0.0,0.0,1.811,data\patents\patents_google_com_patent_US20240025797A1_en\processed\splitted\patents_google_com_patent_US20240025797A1_en-table_5-5.csv
16.35,0.0,7.24,1.5,4.0,5.96,5.78,49.99,0.0,4.0,1.5,3.65,0.0,0.0,0.0,0.01,0.0,0.0,0.0,0.0,0.0,0.0,0.0,0.0,0.0,0.0,0.0,0.0,0.0,0.0,0.0,0.0,0.0,0.0,1.817,data\patents\patents_google_com_patent_US20240025797A1_en\processed\splitted\patents_google_com_patent_US20240025797A1_en-table_5-5.csv
15.99,0.0,6.12,2.01,3.99,7.88,3.98,49.99,0.0,4.01,2.0,4.01,0.0,0.0,0.0,0.02,0.0,0.0,0.0,0.0,0.0,0.0,0.0,0.0,0.0,0.0,0.0,0.0,0.0,0.0,0.0,0.0,0.0,0.0,1.817,data\patents\patents_google_com_patent_US20240025797A1_en\processed\splitted\patents_google_com_patent_US20240025797A1_en-table_5-5.csv
15.5,0.0,4.58,3.0,3.0,9.87,3.54,50.01,0.0,2.99,3.0,4.5,0.0,0.0,0.0,0.02,0.0,0.0,0.0,0.0,0.0,0.0,0.0,0.0,0.0,0.0,0.0,0.0,0.0,0.0,0.0,0.0,0.0,0.0,1.817,data\patents\patents_google_com_patent_US20240025797A1_en\processed\splitted\patents_google_com_patent_US20240025797A1_en-table_5-5.csv
19.95,0.0,4.98,0.0,0.0,7.98,16.96,49.88,0.0,0.0,0.17,0.0,0.0,0.03,0.0,0.04,0.0,0.0,0.0,0.01,0.0,0.0,0.0,0.0,0.0,0.0,0.0,0.0,0.0,0.0,0.0,0.0,0.0,0.0,1.825,data\patents\patents_google_com_patent_US20240025797A1_en\processed\splitted\patents_google_com_patent_US20240025797A1_en-table_5-5.csv
16.12,0.0,7.75,0.0,0.0,6.83,16.2,49.88,0.0,0.0,0.14,0.0,3.0,0.03,0.0,0.04,0.0,0.0,0.0,0.01,0.0,0.0,0.0,0.0,0.0,0.0,0.0,0.0,0.0,0.0,0.0,0.0,0.0,0.0,1.806,data\patents\patents_google_com_patent_US20240025797A1_en\processed\splitted\patents_google_com_patent_US20240025797A1_en-table_5-6.csv
15.36,0.0,11.89,0.0,0.0,6.6,16.05,49.89,0.0,0.0,0.14,0.0,0.0,0.02,0.0,0.04,0.0,0.0,0.0,0.01,0.0,0.0,0.0,0.0,0.0,0.0,0.0,0.0,0.0,0.0,0.0,0.0,0.0,0.0,1.803,data\patents\patents_google_com_patent_US20240025797A1_en\processed\splitted\patents_google_com_patent_US20240025797A1_en-table_5-6.csv
11.39,0.0,15.1,0.0,0.0,5.41,15.25,49.91,0.0,0.0,0.11,0.0,2.75,0.02,0.0,0.04,0.0,0.0,0.0,0.01,0.0,0.0,0.0,0.0,0.0,0.0,0.0,0.0,0.0,0.0,0.0,0.0,0.0,0.0,1.784,data\patents\patents_google_com_patent_US20240025797A1_en\processed\splitted\patents_google_com_patent_US20240025797A1_en-table_5-6.csv
9.98,0.0,19.96,0.0,0.0,4.99,14.97,49.93,0.0,0.0,0.1,0.0,0.0,0.02,0.0,0.04,0.0,0.0,0.0,0.01,0.0,0.0,0.0,0.0,0.0,0.0,0.0,0.0,0.0,0.0,0.0,0.0,0.0,0.0,1.778,data\patents\patents_google_com_patent_US20240025797A1_en\processed\splitted\patents_google_com_patent_US20240025797A1_en-table_5-6.csv
12.86,0.0,12.11,0.0,0.0,5.85,15.55,49.91,0.0,0.0,0.12,0.0,3.53,0.03,0.0,0.04,0.0,0.0,0.0,0.01,0.0,0.0,0.0,0.0,0.0,0.0,0.0,0.0,0.0,0.0,0.0,0.0,0.0,0.0,1.79,data\patents\patents_google_com_patent_US20240025797A1_en\processed\splitted\patents_google_com_patent_US20240025797A1_en-table_5-6.csv
10.0,0.0,10.0,0.0,0.0,9.99,0.01,49.97,0.0,14.98,0.01,0.0,0.0,0.02,0.0,5.0,0.0,0.0,0.0,0.01,0.0,0.0,0.0,0.0,0.0,0.0,0.0,0.0,0.0,0.0,0.0,0.0,0.0,0.0,1.74,data\patents\patents_google_com_patent_US20240025797A1_en\processed\splitted\patents_google_com_patent_US20240025797A1_en-table_5-6.csv
9.99,0.0,9.99,0.03,0.0,9.99,14.94,49.98,0.0,0.0,0.01,0.0,0.0,0.02,0.0,5.0,0.0,0.0,0.0,0.01,0.0,0.0,0.0,0.0,0.0,0.0,0.0,0.0,0.0,0.0,0.0,0.0,0.0,0.0,1.728,data\patents\patents_google_com_patent_US20240025797A1_en\processed\splitted\patents_google_com_patent_US20240025797A1_en-table_5-6.csv
14.98,0.0,3.0,0.86,0.83,7.99,17.28,49.95,0.0,0.0,0.01,4.99,0.0,0.05,0.0,0.04,0.0,0.0,0.0,0.01,0.0,0.0,0.0,0.0,0.0,0.0,0.0,0.0,0.0,0.0,0.0,0.0,0.0,0.0,1.78,data\patents\patents_google_com_patent_US20240025797A1_en\processed\splitted\patents_google_com_patent_US20240025797A1_en-table_5-6.csv
14.99,0.0,2.99,0.85,3.31,8.0,14.82,49.96,0.0,0.0,0.01,5.0,0.0,0.03,0.0,0.04,0.0,0.0,0.0,0.01,0.0,0.0,0.0,0.0,0.0,0.0,0.0,0.0,0.0,0.0,0.0,0.0,0.0,0.0,1.78,data\patents\patents_google_com_patent_US20240025797A1_en\processed\splitted\patents_google_com_patent_US20240025797A1_en-table_5-6.csv
14.98,0.0,3.0,3.39,3.27,7.99,12.32,49.92,0.0,0.0,0.01,4.99,0.0,0.08,0.0,0.04,0.0,0.0,0.0,0.01,0.0,0.0,0.0,0.0,0.0,0.0,0.0,0.0,0.0,0.0,0.0,0.0,0.0,0.0,1.785,data\patents\patents_google_com_patent_US20240025797A1_en\processed\splitted\patents_google_com_patent_US20240025797A1_en-table_5-6.csv
14.97,0.0,3.0,3.36,5.68,7.99,9.95,49.91,0.0,0.0,0.01,4.99,0.0,0.08,0.0,0.04,0.0,0.0,0.0,0.01,0.0,0.0,0.0,0.0,0.0,0.0,0.0,0.0,0.0,0.0,0.0,0.0,0.0,0.0,1.785,data\patents\patents_google_com_patent_US20240025797A1_en\processed\splitted\patents_google_com_patent_US20240025797A1_en-table_5-7.csv
14.97,0.0,3.0,5.85,3.23,7.99,9.89,49.91,0.0,0.0,0.01,4.99,0.0,0.1,0.0,0.04,0.0,0.0,0.0,0.01,0.0,0.0,0.0,0.0,0.0,0.0,0.0,0.0,0.0,0.0,0.0,0.0,0.0,0.0,1.791,data\patents\patents_google_com_patent_US20240025797A1_en\processed\splitted\patents_google_com_patent_US20240025797A1_en-table_5-7.csv
14.97,0.0,2.99,8.31,0.8,7.99,9.85,49.88,0.0,0.0,0.01,4.99,0.0,0.15,0.0,0.04,0.0,0.0,0.0,0.01,0.0,0.0,0.0,0.0,0.0,0.0,0.0,0.0,0.0,0.0,0.0,0.0,0.0,0.0,1.797,data\patents\patents_google_com_patent_US20240025797A1_en\processed\splitted\patents_google_com_patent_US20240025797A1_en-table_5-7.csv
14.97,0.0,3.0,3.32,10.38,7.99,5.28,49.91,0.0,0.0,0.01,4.99,0.0,0.08,0.0,0.04,0.0,0.0,0.0,0.01,0.0,0.0,0.0,0.0,0.0,0.0,0.0,0.0,0.0,0.0,0.0,0.0,0.0,0.0,1.783,data\patents\patents_google_com_patent_US20240025797A1_en\processed\splitted\patents_google_com_patent_US20240025797A1_en-table_5-7.csv
14.99,0.0,3.0,0.82,15.15,8.0,3.01,49.95,0.0,0.0,0.01,4.99,0.0,0.03,0.0,0.04,0.0,0.0,0.0,0.01,0.0,0.0,0.0,0.0,0.0,0.0,0.0,0.0,0.0,0.0,0.0,0.0,0.0,0.0,1.776,data\patents\patents_google_com_patent_US20240025797A1_en\processed\splitted\patents_google_com_patent_US20240025797A1_en-table_5-7.csv
14.98,0.0,3.0,3.28,12.69,7.99,2.99,49.93,0.0,0.0,0.01,4.99,0.0,0.08,0.0,0.04,0.0,0.0,0.0,0.01,0.0,0.0,0.0,0.0,0.0,0.0,0.0,0.0,0.0,0.0,0.0,0.0,0.0,0.0,1.782,data\patents\patents_google_com_patent_US20240025797A1_en\processed\splitted\patents_google_com_patent_US20240025797A1_en-table_5-7.csv
14.98,0.0,3.0,5.72,10.27,7.99,2.98,49.92,0.0,0.0,0.01,4.99,0.0,0.1,0.0,0.04,0.0,0.0,0.0,0.01,0.0,0.0,0.0,0.0,0.0,0.0,0.0,0.0,0.0,0.0,0.0,0.0,0.0,0.0,1.789,data\patents\patents_google_com_patent_US20240025797A1_en\processed\splitted\patents_google_com_patent_US20240025797A1_en-table_5-7.csv
14.98,0.0,2.99,3.27,14.96,7.99,0.74,49.93,0.0,0.0,0.01,4.9,0.0,0.08,0.0,0.04,0.0,0.0,0.0,0.01,0.0,0.0,0.0,0.0,0.0,0.0,0.0,0.0,0.0,0.0,0.0,0.0,0.0,0.0,1.782,data\patents\patents_google_com_patent_US20240025797A1_en\processed\splitted\patents_google_com_patent_US20240025797A1_en-table_5-7.csv
14.98,0.0,2.99,5.68,12.55,7.98,0.74,49.92,0.0,0.0,0.01,4.99,0.0,0.11,0.0,0.04,0.0,0.0,0.0,0.01,0.0,0.0,0.0,0.0,0.0,0.0,0.0,0.0,0.0,0.0,0.0,0.0,0.0,0.0,1.788,data\patents\patents_google_com_patent_US20240025797A1_en\processed\splitted\patents_google_com_patent_US20240025797A1_en-table_5-7.csv
14.97,0.0,2.99,8.09,10.14,7.98,0.73,49.89,0.0,0.0,0.01,4.99,0.0,0.16,0.0,0.04,0.0,0.0,0.0,0.01,0.0,0.0,0.0,0.0,0.0,0.0,0.0,0.0,0.0,0.0,0.0,0.0,0.0,0.0,1.794,data\patents\patents_google_com_patent_US20240025797A1_en\processed\splitted\patents_google_com_patent_US20240025797A1_en-table_5-7.csv
14.98,0.0,2.99,1.67,8.91,7.99,8.39,49.95,0.0,0.0,0.01,5.0,0.0,0.05,0.0,0.04,0.0,0.0,0.0,0.01,0.0,0.0,0.0,0.0,0.0,0.0,0.0,0.0,0.0,0.0,0.0,0.0,0.0,0.0,1.78,data\patents\patents_google_com_patent_US20240025797A1_en\processed\splitted\patents_google_com_patent_US20240025797A1_en-table_5-8.csv
14.96,0.0,2.99,9.09,1.6,7.98,8.28,49.89,0.0,0.0,0.01,4.99,0.0,0.15,0.0,0.04,0.0,0.0,0.0,0.01,0.0,0.0,0.0,0.0,0.0,0.0,0.0,0.0,0.0,0.0,0.0,0.0,0.0,0.0,1.799,data\patents\patents_google_com_patent_US20240025797A1_en\processed\splitted\patents_google_com_patent_US20240025797A1_en-table_5-8.csv
14.97,0.0,3.0,4.14,8.8,7.99,6.04,49.91,0.0,0.0,0.01,5.0,0.0,0.08,0.0,0.04,0.0,0.0,0.0,0.01,0.0,0.0,0.0,0.0,0.0,0.0,0.0,0.0,0.0,0.0,0.0,0.0,0.0,0.0,1.786,data\patents\patents_google_com_patent_US20240025797A1_en\processed\splitted\patents_google_com_patent_US20240025797A1_en-table_5-8.csv
14.97,0.0,3.0,9.02,3.97,7.98,5.98,49.89,0.0,0.0,0.01,4.99,0.0,0.15,0.0,0.04,0.0,0.0,0.0,0.01,0.0,0.0,0.0,0.0,0.0,0.0,0.0,0.0,0.0,0.0,0.0,0.0,0.0,0.0,1.798,data\patents\patents_google_com_patent_US20240025797A1_en\processed\splitted\patents_google_com_patent_US20240025797A1_en-table_5-8.csv
14.97,0.0,2.99,6.55,8.7,7.98,3.72,49.9,0.0,0.0,0.01,4.99,0.0,0.13,0.0,0.04,0.0,0.0,0.0,0.01,0.0,0.0,0.0,0.0,0.0,0.0,0.0,0.0,0.0,0.0,0.0,0.0,0.0,0.0,1.791,data\patents\patents_google_com_patent_US20240025797A1_en\processed\splitted\patents_google_com_patent_US20240025797A1_en-table_5-8.csv
14.97,0.0,2.99,8.95,6.29,7.99,3.71,49.89,0.0,0.0,0.01,4.99,0.0,0.15,0.0,0.04,0.0,0.0,0.0,0.01,0.0,0.0,0.0,0.0,0.0,0.0,0.0,0.0,0.0,0.0,0.0,0.0,0.0,0.0,1.797,data\patents\patents_google_com_patent_US20240025797A1_en\processed\splitted\patents_google_com_patent_US20240025797A1_en-table_5-8.csv
14.96,0.0,2.99,10.68,0.79,7.98,7.48,49.89,0.0,0.0,0.01,4.99,0.0,0.18,0.0,0.04,0.0,0.0,0.0,0.01,0.0,0.0,0.0,0.0,0.0,0.0,0.0,0.0,0.0,0.0,0.0,0.0,0.0,0.0,1.803,data\patents\patents_google_com_patent_US20240025797A1_en\processed\splitted\patents_google_com_patent_US20240025797A1_en-table_5-8.csv
14.96,0.0,2.99,10.53,5.47,7.98,2.96,49.88,0.0,0.0,0.01,4.98,0.0,0.18,0.0,0.04,0.0,0.0,0.0,0.01,0.0,0.0,0.0,0.0,0.0,0.0,0.0,0.0,0.0,0.0,0.0,0.0,0.0,0.0,1.801,data\patents\patents_google_com_patent_US20240025797A1_en\processed\splitted\patents_google_com_patent_US20240025797A1_en-table_5-8.csv
14.96,0.0,2.99,12.91,3.12,7.98,2.93,49.85,0.0,0.0,0.01,4.99,0.0,0.2,0.0,0.04,0.0,0.0,0.0,0.01,0.0,0.0,0.0,0.0,0.0,0.0,0.0,0.0,0.0,0.0,0.0,0.0,0.0,0.0,1.807,data\patents\patents_google_com_patent_US20240025797A1_en\processed\splitted\patents_google_com_patent_US20240025797A1_en-table_5-8.csv
14.95,0.0,2.99,15.24,0.78,7.9,2.92,49.84,0.0,0.0,0.01,4.99,0.0,0.25,0.0,0.04,0.0,0.0,0.0,0.01,0.0,0.0,0.0,0.0,0.0,0.0,0.0,0.0,0.0,0.0,0.0,0.0,0.0,0.0,1.813,data\patents\patents_google_com_patent_US20240025797A1_en\processed\splitted\patents_google_com_patent_US20240025797A1_en-table_5-8.csv
14.96,0.0,2.99,10.45,7.76,7.98,0.74,49.88,0.0,0.0,0.01,4.99,0.0,0.18,0.0,0.04,0.0,0.0,0.0,0.01,0.0,0.0,0.0,0.0,0.0,0.0,0.0,0.0,0.0,0.0,0.0,0.0,0.0,0.0,1.8,data\patents\patents_google_com_patent_US20240025797A1_en\processed\splitted\patents_google_com_patent_US20240025797A1_en-table_5-9.csv
14.95,0.0,2.99,15.13,3.08,7.97,0.73,49.84,0.0,0.0,0.01,4.98,0.0,0.25,0.0,0.04,0.0,0.0,0.0,0.01,0.0,0.0,0.0,0.0,0.0,0.0,0.0,0.0,0.0,0.0,0.0,0.0,0.0,0.0,1.813,data\patents\patents_google_com_patent_US20240025797A1_en\processed\splitted\patents_google_com_patent_US20240025797A1_en-table_5-9.csv
14.95,0.0,2.99,17.44,0.77,7.97,0.72,49.84,0.0,0.0,0.01,4.98,0.0,0.28,0.0,0.04,0.0,0.0,0.0,0.01,0.0,0.0,0.0,0.0,0.0,0.0,0.0,0.0,0.0,0.0,0.0,0.0,0.0,0.0,1.818,data\patents\patents_google_com_patent_US20240025797A1_en\processed\splitted\patents_google_com_patent_US20240025797A1_en-table_5-9.csv
14.98,0.0,3.0,0.6,1.57,4.99,16.81,49.93,0.0,0.0,0.01,7.99,0.0,0.05,0.0,0.05,0.0,0.0,0.0,0.01,0.0,0.0,0.0,0.0,0.0,0.0,0.0,0.0,0.0,0.0,0.0,0.0,0.0,0.0,1.786,data\patents\patents_google_com_patent_US20240025797A1_en\processed\splitted\patents_google_com_patent_US20240025797A1_en-table_5-9.csv
14.98,0.0,3.0,2.37,0.39,4.99,16.21,49.93,0.0,0.0,0.01,7.99,0.0,0.08,0.0,0.05,0.0,0.0,0.0,0.01,0.0,0.0,0.0,0.0,0.0,0.0,0.0,0.0,0.0,0.0,0.0,0.0,0.0,0.0,1.79,data\patents\patents_google_com_patent_US20240025797A1_en\processed\splitted\patents_google_com_patent_US20240025797A1_en-table_5-9.csv
14.98,0.0,3.0,2.4,1.58,4.99,14.98,49.93,0.0,0.0,0.01,7.99,0.0,0.08,0.0,0.05,0.0,0.0,0.0,0.01,0.0,0.0,0.0,0.0,0.0,0.0,0.0,0.0,0.0,0.0,0.0,0.0,0.0,0.0,1.79,data\patents\patents_google_com_patent_US20240025797A1_en\processed\splitted\patents_google_com_patent_US20240025797A1_en-table_5-9.csv
14.98,0.0,3.0,0.61,4.0,5.0,14.37,49.94,0.0,0.0,0.01,7.99,0.0,0.05,0.0,0.05,0.0,0.0,0.0,0.01,0.0,0.0,0.0,0.0,0.0,0.0,0.0,0.0,0.0,0.0,0.0,0.0,0.0,0.0,1.785,data\patents\patents_google_com_patent_US20240025797A1_en\processed\splitted\patents_google_com_patent_US20240025797A1_en-table_5-9.csv
14.97,0.0,3.0,4.23,1.6,4.99,13.14,49.91,0.0,0.0,0.01,7.98,0.0,0.1,0.0,0.05,0.0,0.0,0.0,0.01,0.0,0.0,0.0,0.0,0.0,0.0,0.0,0.0,0.0,0.0,0.0,0.0,0.0,0.0,1.794,data\patents\patents_google_com_patent_US20240025797A1_en\processed\splitted\patents_google_com_patent_US20240025797A1_en-table_5-9.csv
14.97,0.0,2.99,6.03,0.4,4.99,12.54,49.89,0.0,0.0,0.01,7.98,0.0,0.13,0.0,0.05,0.0,0.0,0.0,0.01,0.0,0.0,0.0,0.0,0.0,0.0,0.0,0.0,0.0,0.0,0.0,0.0,0.0,0.0,1.798,data\patents\patents_google_com_patent_US20240025797A1_en\processed\splitted\patents_google_com_patent_US20240025797A1_en-table_5-9.csv
14.98,0.0,3.0,0.61,5.25,5.0,13.13,49.92,0.0,0.0,0.01,7.99,0.0,0.05,0.0,0.05,0.0,0.0,0.0,0.01,0.0,0.0,0.0,0.0,0.0,0.0,0.0,0.0,0.0,0.0,0.0,0.0,0.0,0.0,1.784,data\patents\patents_google_com_patent_US20240025797A1_en\processed\splitted\patents_google_com_patent_US20240025797A1_en-table_5-9.csv
